time,energy,temperature_2m,weathercode,cloudcover,cloudcover_low,cloudcover_mid,cloudcover_high,shortwave_radiation,direct_radiation,diffuse_radiation,direct_normal_irradiance,terrestrial_radiation
1681534800,440,8.0,51,100,100,96,98,7.0,0.0,7.0,0.0,166.8
1681542000,2850,8.0,53,100,100,98,94,44.0,0.0,44.0,0.0,578.8
1681549200,8430,8.3,53,100,100,100,89,66.0,0.0,66.0,0.0,884.1
1681556400,12800,8.6,53,100,99,100,100,77.0,0.0,77.0,0.0,1001.0
1681563600,10260,8.9,53,100,66,89,25,112.0,2.0,110.0,3.0,898.4
1681570800,8090,8.9,51,51,25,33,30,143.0,29.0,114.0,65.3,603.9
1681578000,2540,8.5,3,100,73,33,99,40.0,7.0,33.0,47.3,196.8
1681621200,1500,6.9,3,96,100,7,7,32.0,3.0,29.0,21.5,174.2
1681628400,11290,8.3,51,93,100,5,0,131.0,10.0,121.0,23.2,585.5
1681635600,19250,10.4,3,90,100,0,0,248.0,34.0,214.0,51.9,890.0
1681642800,37850,12.1,3,90,100,0,0,283.0,35.0,248.0,47.3,1006.2
1681650000,41790,13.1,3,92,100,2,1,204.0,26.0,178.0,39.1,903.3
1681657200,13160,13.6,3,85,76,4,47,213.0,60.0,153.0,133.9,609.0
1681664400,1790,12.2,3,83,54,13,89,62.0,21.0,41.0,139.8,202.4
1681707600,11260,6.9,51,64,13,41,94,56.0,16.0,40.0,112.3,181.5
1681714800,11600,9.7,51,100,60,74,96,237.0,100.0,137.0,229.5,592.0
1681722000,39980,11.7,51,100,44,79,95,325.0,88.0,237.0,133.5,895.7
1681729200,21360,12.9,3,100,32,86,99,353.0,92.0,261.0,123.6,1011.3
1681736400,15510,13.0,3,100,45,78,100,310.0,47.0,263.0,70.3,908.2
1681743600,16440,11.9,51,100,72,50,98,120.0,2.0,118.0,4.4,614.0
1681750800,2250,10.7,51,100,82,48,100,29.0,0.0,29.0,0.0,208.0
1681794000,3100,8.2,3,100,47,91,42,17.0,2.0,15.0,13.8,188.8
1681801200,12830,10.4,51,100,51,77,64,270.0,123.0,147.0,279.1,598.5
1681808400,58600,12.5,3,100,80,43,62,378.0,145.0,233.0,218.4,901.3
1681815600,49240,14.1,3,100,100,39,50,380.0,97.0,283.0,129.6,1016.3
1681822800,26990,14.1,3,91,38,63,63,275.0,127.0,148.0,188.9,912.9
1681830000,14720,13.9,2,55,12,70,6,269.0,166.0,103.0,364.1,619.0
1681837200,3810,12.3,1,45,13,56,0,64.0,30.0,34.0,190.7,213.5
1681880400,2540,6.1,51,88,49,72,2,58.0,21.0,37.0,142.1,196.0
1681887600,5910,8.6,51,100,95,49,2,201.0,47.0,154.0,105.5,604.8
1681894800,10000,10.9,51,100,66,68,23,314.0,111.0,203.0,166.1,906.8
1681902000,19220,12.2,51,100,79,69,55,411.0,176.0,235.0,233.9,1021.2
1681909200,32310,13.8,2,61,20,56,32,490.0,298.0,192.0,440.7,917.6
1681916400,6650,14.0,2,53,20,39,38,337.0,220.0,117.0,478.4,623.9
1681923600,2100,12.2,1,48,0,70,19,99.0,55.0,44.0,340.7,219.0
1681966800,4580,8.3,0,6,2,7,1,37.0,0.0,37.0,0.0,203.1
1681974000,47530,11.8,0,13,0,21,2,342.0,230.0,112.0,510.5,611.1
1681981200,78370,15.0,0,7,0,12,0,585.0,428.0,157.0,636.3,912.2
1681988400,65690,16.4,1,33,0,45,21,637.0,442.0,195.0,584.2,1026.1
1681995600,42430,16.9,0,18,0,30,0,596.0,408.0,188.0,600.0,922.2
1682002800,12950,16.3,1,29,0,48,0,321.0,153.0,168.0,330.0,628.7
1682010000,3710,14.2,1,25,0,42,0,60.0,10.0,50.0,60.4,224.5
1682053200,7370,6.6,0,0,0,0,0,100.0,57.0,43.0,367.9,210.0
1682150400,69540,14.4,0,1,0,0,3,551.0,434.0,117.0,742.1,792.3
1682157600,78460,16.5,0,0,0,0,0,741.0,621.0,120.0,836.5,1005.7
1682164800,64210,17.3,1,31,0,52,0,623.0,449.0,174.0,602.2,1010.0
1682172000,40500,17.2,1,50,0,83,0,343.0,194.0,149.0,326.7,804.4
1682179200,10240,16.8,1,32,0,53,0,208.0,118.0,90.0,359.9,444.1
1682186400,680,13.4,0,12,0,20,0,13.0,4.0,9.0,47.5,54.4
1682226000,14930,8.2,0,2,0,3,0,105.0,58.0,47.0,351.2,223.6
1682233200,56120,13.5,0,1,0,2,0,400.0,301.0,99.0,647.9,629.1
1682240400,80350,17.2,0,1,0,1,0,678.0,564.0,114.0,823.0,927.8
1682247600,82830,18.8,0,0,0,0,0,778.0,658.0,120.0,856.7,1039.9
1682254800,64730,19.1,0,0,0,0,0,603.0,466.0,137.0,674.4,935.6
1682262000,27500,18.9,0,0,0,0,0,340.0,191.0,149.0,402.2,642.9
1682269200,2750,16.1,0,2,0,4,0,109.0,61.0,48.0,343.4,240.5
1682312400,12910,9.3,0,2,0,4,0,106.0,61.0,45.0,358.6,230.2
1682323200,67810,15.5,0,6,0,10,0,516.0,387.0,129.0,652.1,803.1
1682330400,82210,18.6,1,27,0,44,2,705.0,537.0,168.0,715.9,1015.1
1682337600,74650,20.1,1,41,0,48,41,743.0,606.0,137.0,805.0,1018.7
1682344800,37290,19.3,51,14,1,22,0,535.0,403.0,132.0,670.6,813.2
1682352000,10380,17.8,0,14,0,21,3,216.0,133.0,83.0,396.5,453.9
1682359200,600,14.7,0,9,0,14,3,15.0,5.0,10.0,56.7,59.7
1682398800,5090,9.4,51,96,9,98,98,61.0,6.0,55.0,34.3,236.7
1682406000,4830,11.0,51,100,95,93,1,173.0,84.0,89.0,177.4,640.5
1682413200,11570,10.8,51,100,100,90,43,198.0,69.0,129.0,99.5,937.6
1682420400,6560,10.2,51,100,100,94,70,154.0,12.0,142.0,15.5,1048.7
1682427600,5320,11.2,3,100,100,97,67,287.0,112.0,175.0,160.5,944.0
1682434800,3890,11.0,3,100,100,97,100,130.0,20.0,110.0,41.5,651.9
1682442000,930,9.9,51,100,100,100,100,27.0,0.0,27.0,0.0,250.9
1682485200,1960,5.7,2,74,48,3,96,84.0,18.0,66.0,100.1,243.0
1682492400,41210,6.6,2,54,28,24,49,306.0,124.0,182.0,259.5,646.0
1682499600,40530,8.2,3,81,75,10,26,550.0,327.0,223.0,469.1,942.4
1682506800,15760,9.0,3,100,76,94,92,533.0,268.0,265.0,344.1,1052.9
1682514000,26230,9.3,3,100,60,88,96,420.0,116.0,304.0,165.4,948.1
1682521200,13500,8.9,3,100,65,79,31,253.0,72.0,181.0,148.3,656.4
1682528400,4940,8.2,3,94,44,87,6,72.0,7.0,65.0,37.0,256.0
1682571600,19740,2.9,0,18,20,0,0,125.0,74.0,51.0,401.2,249.2
1682578800,59800,7.0,0,20,17,7,0,380.0,247.0,133.0,512.4,651.3
1682586000,50080,8.8,51,39,17,39,0,583.0,401.0,182.0,572.2,946.9
1682593200,30290,9.8,51,50,18,56,0,632.0,395.0,237.0,504.9,1057.0
1682600400,22600,10.2,51,46,12,58,0,594.0,406.0,188.0,576.1,952.1
1682607600,14260,9.6,51,69,32,67,0,325.0,199.0,126.0,406.9,660.7
1682614800,3470,8.4,2,53,27,48,0,93.0,39.0,54.0,201.9,261.0
1682622000,160,6.4,1,26,13,24,0,0.0,0.0,0.0,0.0,0.0
1682658000,20410,2.6,1,30,33,0,0,129.0,77.0,52.0,407.4,255.2
1682665200,59800,7.9,1,30,25,13,0,366.0,216.0,150.0,444.3,656.5
1682672400,50630,9.7,2,67,4,100,12,519.0,278.0,241.0,394.6,951.4
1682679600,31600,10.5,2,58,2,93,0,427.0,114.0,313.0,145.1,1061.0
1682686800,63870,11.6,2,58,0,97,0,449.0,150.0,299.0,211.8,956.1
1682694000,22510,11.7,1,40,0,66,0,275.0,83.0,192.0,168.5,665.0
1682701200,3670,10.7,1,41,6,59,0,114.0,56.0,58.0,284.3,266.0
1682708400,160,8.2,1,33,2,33,39,0.0,0.0,0.0,0.0,0.0
1682744400,15680,6.4,2,63,0,57,97,116.0,54.0,62.0,279.1,261.2
1682751600,55000,9.7,2,53,0,42,94,411.0,273.0,138.0,556.9,661.6
1682758800,84240,13.1,1,49,0,32,98,641.0,450.0,191.0,635.5,955.7
1682766000,85800,15.4,2,51,0,45,81,710.0,505.0,205.0,640.0,1064.9
1682773200,65770,16.1,1,39,0,15,100,513.0,260.0,253.0,365.5,959.9
1682780400,23590,15.5,3,80,10,87,63,251.0,65.0,186.0,131.1,669.3
1682787600,4910,14.0,2,54,1,47,82,73.0,9.0,64.0,44.8,270.9
1682830800,1330,9.1,51,100,68,85,0,61.0,21.0,40.0,106.1,267.0
1682838000,29540,9.3,3,100,98,50,0,161.0,43.0,118.0,87.0,666.6
1682845200,81250,10.6,0,14,13,3,0,494.0,314.0,180.0,441.2,960.0
1682852400,87560,12.6,0,2,2,0,0,812.0,666.0,146.0,840.6,1068.7
1682859600,68910,13.0,0,4,5,0,0,724.0,601.0,123.0,841.1,963.8
1682866800,29450,12.3,0,0,0,0,0,448.0,328.0,120.0,656.9,673.5
1682874000,2760,10.8,0,0,0,0,0,142.0,83.0,59.0,405.9,275.8
1682913600,4270,2.1,0,0,0,0,0,26.0,11.0,15.0,111.5,73.3
1682920800,43110,6.4,0,0,0,0,1,297.0,215.0,82.0,605.1,479.1
1682928000,75230,9.6,0,4,0,0,12,598.0,483.0,115.0,778.1,837.0
1682935200,85340,12.2,0,2,0,0,7,779.0,649.0,130.0,837.7,1044.5
1682942400,77690,13.8,0,0,0,0,0,778.0,648.0,130.0,835.0,1046.2
1682949600,51210,14.7,0,1,0,0,2,600.0,486.0,114.0,778.3,841.8
1682956800,10990,14.4,0,2,0,0,8,301.0,219.0,82.0,607.1,486.2
1682964000,750,11.4,0,19,0,0,64,30.0,13.0,17.0,127.7,77.5
1683000000,1640,7.7,1,30,0,0,100,23.0,3.0,20.0,29.7,76.2
1683007200,31480,11.1,1,40,4,11,100,249.0,123.0,126.0,342.3,484.3
1683014400,68130,16.0,2,69,8,53,100,462.0,269.0,193.0,430.8,841.4
1683021600,84620,17.9,1,50,2,30,99,645.0,439.0,206.0,564.3,1048.4
1683028800,25750,16.1,53,92,18,76,100,474.0,225.0,249.0,288.8,1049.9
1683036000,31420,15.5,3,100,22,87,100,318.0,95.0,223.0,151.4,845.7
1683043200,9930,15.4,3,87,3,90,100,148.0,25.0,123.0,68.6,490.7
1683050400,630,13.6,3,95,6,100,100,12.0,0.0,12.0,0.0,80.2
1683090000,8970,7.4,1,39,41,4,0,82.0,25.0,57.0,118.6,283.9
1683097200,62410,9.1,0,18,20,0,0,407.0,276.0,131.0,545.8,681.1
1683104400,93050,10.6,0,9,10,0,0,689.0,557.0,132.0,771.6,972.3
1683111600,80240,12.3,1,42,20,40,0,765.0,559.0,206.0,697.2,1079.8
1683118800,62500,13.0,2,51,1,84,0,581.0,416.0,165.0,574.7,974.9
1683126000,33570,12.5,1,38,2,60,0,355.0,161.0,194.0,316.1,685.8
1683133200,3930,11.4,1,29,1,47,0,124.0,54.0,70.0,250.5,290.3
1683172800,6420,3.8,0,17,2,26,0,31.0,12.0,19.0,114.2,84.4
1683180000,43790,9.6,1,20,1,32,0,301.0,211.0,90.0,574.5,494.5
1683187200,53490,12.5,1,31,3,39,16,561.0,408.0,153.0,646.2,850.0
1683194400,75820,13.6,1,40,0,66,0,538.0,199.0,339.0,253.7,1055.8
1683201600,65670,14.3,2,56,0,84,18,509.0,193.0,316.0,245.8,1056.9
1683208800,47020,14.8,1,48,0,80,0,436.0,196.0,240.0,309.2,853.2
1683216000,9780,14.3,1,31,0,52,0,196.0,53.0,143.0,142.8,499.5
1683223200,1210,11.5,0,3,0,3,4,34.0,14.0,20.0,130.3,90.6
1683259200,2230,7.4,2,58,3,92,2,27.0,4.0,23.0,37.3,90.1
1683266400,39120,9.8,2,59,2,89,12,260.0,150.0,110.0,404.2,499.4
1683273600,62350,13.1,1,42,3,61,8,546.0,391.0,155.0,615.9,854.2
1683280800,68970,14.1,1,50,1,74,14,675.0,485.0,190.0,616.0,1059.4
1683288000,78300,13.4,2,77,10,68,92,508.0,222.0,286.0,281.7,1060.4
1683295200,49440,13.1,2,63,8,52,82,432.0,211.0,221.0,331.3,856.9
1683302400,12050,11.7,2,66,5,73,60,236.0,113.0,123.0,301.8,503.8
1683309600,1280,9.7,1,29,0,17,64,33.0,10.0,23.0,91.5,95.7
1683345600,2550,6.0,2,54,0,40,100,24.0,1.0,23.0,9.2,95.7
1683352800,11720,7.1,3,90,0,100,100,141.0,16.0,125.0,42.7,504.2
1683360000,30260,9.5,3,89,0,98,100,297.0,53.0,244.0,83.1,858.2
1683367200,20700,11.4,3,100,14,97,100,431.0,89.0,342.0,112.6,1062.9
1683374400,13560,11.2,51,100,12,100,100,263.0,5.0,258.0,6.3,1063.7
1683381600,4570,9.8,51,90,0,100,100,164.0,1.0,163.0,1.6,860.6
1683388800,1760,8.0,53,100,19,100,100,51.0,0.0,51.0,0.0,508.0
1683396000,240,7.1,61,100,34,100,96,4.0,0.0,4.0,0.0,100.7
1683435600,4370,4.4,3,100,69,64,15,59.0,9.0,50.0,39.7,305.1
1683442800,19300,6.6,3,95,84,28,9,289.0,117.0,172.0,225.0,698.9
1683450000,30150,8.8,3,89,99,0,0,494.0,287.0,207.0,390.7,987.5
1683457200,20100,10.2,3,100,100,22,0,555.0,285.0,270.0,350.3,1093.5
1683464400,29010,10.9,3,100,99,58,0,428.0,151.0,277.0,205.3,988.8
1683471600,27710,10.6,2,68,47,42,0,331.0,164.0,167.0,314.2,701.6
1683478800,3570,9.5,1,35,22,26,0,141.0,75.0,66.0,326.2,309.0
1683486000,240,6.6,0,0,0,0,0,0.0,0.0,0.0,0.0,0.0
1683518400,6000,0.7,0,0,0,0,0,42.0,19.0,23.0,167.9,106.6
1683525600,45490,7.5,0,0,0,0,0,323.0,236.0,87.0,617.5,513.5
1683532800,77280,10.1,0,5,6,0,0,623.0,505.0,118.0,783.5,866.0
1683540000,87200,12.1,2,64,16,82,0,738.0,554.0,184.0,695.8,1069.7
1683547200,73100,12.9,1,29,0,49,0,644.0,384.0,260.0,482.0,1070.2
1683554400,47230,13.1,2,51,0,85,0,497.0,230.0,267.0,356.1,867.6
1683561600,12460,12.4,1,44,0,74,0,262.0,127.0,135.0,330.4,516.4
1683568800,1380,9.6,0,2,0,3,0,44.0,19.0,25.0,165.7,110.7
1683604800,6060,1.9,0,0,0,0,0,45.0,20.0,25.0,173.8,111.9
1683612000,44700,9.3,0,0,0,0,0,328.0,241.0,87.0,624.9,518.0
1683619200,78090,13.1,0,0,0,0,0,630.0,512.0,118.0,790.6,869.7
1683626400,85970,14.4,0,1,0,2,0,797.0,648.0,149.0,811.1,1072.9
1683633600,72580,14.4,0,0,0,0,0,534.0,209.0,325.0,261.5,1073.4
1683640800,54180,14.4,0,0,0,0,0,527.0,297.0,230.0,457.8,871.1
1683648000,11230,13.4,0,0,0,0,0,289.0,163.0,126.0,420.5,520.4
1683655200,1260,10.7,0,0,0,0,0,47.0,22.0,25.0,189.0,115.5
1683691200,5460,5.8,0,0,0,0,0,47.0,22.0,25.0,188.1,117.0
1683698400,45350,9.8,0,0,0,0,1,330.0,242.0,88.0,621.9,522.3
1683705600,78090,13.1,0,2,0,0,6,632.0,515.0,117.0,791.6,873.3
1683712800,90850,14.7,0,3,0,0,11,813.0,682.0,131.0,850.7,1076.1
1683720000,81750,15.7,0,0,0,0,0,820.0,696.0,124.0,867.9,1076.4
1683727200,53140,16.2,0,0,0,0,0,597.0,413.0,184.0,633.9,874.5
1683734400,10920,15.0,0,0,0,0,0,304.0,195.0,109.0,499.0,524.4
1683741600,1240,12.0,0,0,0,0,0,49.0,23.0,26.0,194.7,120.3
1683777600,5320,6.3,0,0,0,0,0,49.0,23.0,26.0,193.7,122.0
1683784800,45430,9.8,0,0,0,0,0,334.0,247.0,87.0,629.4,526.5
1683792000,77940,13.5,0,0,0,0,0,638.0,524.0,114.0,801.8,876.8
1683799200,90480,15.4,0,0,0,0,0,809.0,676.0,133.0,840.5,1079.1
1683806400,81170,16.5,0,0,0,0,0,806.0,671.0,135.0,834.0,1079.4
1683813600,53340,17.1,0,0,0,0,0,588.0,423.0,165.0,646.5,877.7
1683820800,11820,15.6,0,0,0,0,0,285.0,159.0,126.0,403.7,528.4
1683828000,1430,13.1,0,0,0,0,0,50.0,22.0,28.0,183.6,125.0
1683864000,5520,7.8,0,0,0,0,0,50.0,23.0,27.0,190.9,126.9
1683871200,44540,11.2,0,0,0,0,0,330.0,241.0,89.0,609.1,530.6
1683878400,77070,15.1,0,0,0,0,0,630.0,512.0,118.0,780.1,880.2
1683885600,90420,16.9,0,0,0,0,0,814.0,682.0,132.0,845.2,1082.0
1683892800,72180,18.0,2,50,0,84,0,740.0,545.0,195.0,675.3,1082.3
1683900000,53500,17.6,2,56,0,94,0,335.0,55.0,280.0,83.7,881.0
1683907200,10260,16.9,0,19,0,31,0,296.0,176.0,120.0,443.4,532.2
1683914400,1440,14.3,0,0,0,0,0,53.0,24.0,29.0,197.6,129.6
1683950400,6600,6.8,0,5,0,9,0,52.0,23.0,29.0,188.2,131.6
1683957600,46230,13.2,0,1,0,2,0,328.0,240.0,88.0,601.8,534.6
1683964800,73610,17.8,0,0,0,0,0,617.0,492.0,125.0,746.5,883.4
1683972000,79910,19.7,51,13,0,21,0,772.0,624.0,148.0,771.0,1084.9
1683979200,47450,20.0,1,34,0,56,0,709.0,512.0,197.0,632.5,1085.1
1683986400,35630,20.1,0,15,0,25,0,561.0,370.0,191.0,560.9,884.1
1683993600,13070,18.6,51,26,0,43,0,298.0,188.0,110.0,470.1,536.0
1684000800,1430,15.9,0,16,0,26,0,44.0,17.0,27.0,138.1,134.2
1684036800,5200,7.2,0,0,0,0,0,54.0,25.0,29.0,201.8,136.2
1684044000,41610,14.6,0,0,0,0,0,332.0,243.0,89.0,604.8,538.4
1684051200,71220,18.4,0,1,0,2,0,625.0,505.0,120.0,763.2,886.6
1684058400,84400,19.9,1,31,0,44,16,724.0,594.0,130.0,731.7,1087.6
1684065600,80980,20.3,0,7,0,11,0,671.0,531.0,140.0,654.0,1087.8
1684072800,57490,20.6,0,10,0,0,34,555.0,416.0,139.0,628.2,887.2
1684080000,10340,19.8,0,14,0,4,40,326.0,239.0,87.0,593.2,539.7
1684087200,1720,17.0,0,20,0,2,62,56.0,24.0,32.0,192.4,138.6
1684123200,700,12.8,3,80,0,84,100,27.0,3.0,24.0,23.9,140.6
1684130400,8210,13.4,51,76,0,76,100,69.0,2.0,67.0,4.9,542.0
1684137600,8840,14.2,53,90,0,100,100,181.0,9.0,172.0,13.5,889.6
1684144800,11730,13.1,61,100,34,100,86,164.0,11.0,153.0,13.5,1090.2
1684152000,11230,13.2,53,100,100,100,55,104.0,2.0,102.0,2.5,1090.4
1684159200,3240,13.1,53,100,100,100,59,47.0,0.0,47.0,0.0,890.2
1684166400,6920,13.9,3,100,44,89,30,82.0,32.0,50.0,78.9,543.3
1684173600,890,13.8,1,39,12,35,25,29.0,9.0,20.0,71.3,143.0
1684209600,4640,10.7,1,48,53,0,0,34.0,6.0,28.0,47.2,144.9
1684224000,36350,15.5,3,90,91,0,28,451.0,238.0,213.0,357.0,892.5
1684231200,62640,16.9,3,95,100,0,18,488.0,207.0,281.0,253.6,1092.8
1684245600,35340,17.3,3,100,87,0,100,327.0,90.0,237.0,134.9,893.1
1684252800,15780,16.6,3,94,66,7,100,191.0,33.0,158.0,80.8,546.9
1684260000,2180,14.8,3,100,17,98,100,47.0,7.0,40.0,54.8,147.2
1684296000,330,11.6,55,100,100,100,99,6.0,0.0,6.0,0.0,149.0
1684303200,3400,11.9,61,100,100,100,100,38.0,0.0,38.0,0.0,548.9
1684310400,7060,11.4,55,100,84,99,100,52.0,1.0,51.0,1.5,895.2
1684317600,13550,12.2,53,100,100,100,86,131.0,1.0,130.0,1.2,1095.2
1684324800,8910,12.3,51,100,99,100,80,98.0,2.0,96.0,2.4,1095.4
1684332000,7280,12.1,53,100,61,100,100,95.0,0.0,95.0,0.0,895.9
1684339200,5610,11.7,53,100,54,100,98,61.0,1.0,60.0,2.4,550.3
1684346400,1050,11.1,53,100,57,100,99,10.0,0.0,10.0,0.0,151.4
1684382400,2720,7.1,3,100,41,100,99,13.0,1.0,12.0,7.7,153.0
1684389600,22230,7.6,3,100,38,100,98,65.0,2.0,63.0,4.8,552.2
1684396800,25530,8.4,3,100,38,100,100,176.0,12.0,164.0,17.9,897.8
1684404000,29360,9.9,51,100,32,100,100,331.0,33.0,298.0,40.2,1097.5
1684411200,28760,11.1,51,99,10,100,100,356.0,75.0,281.0,91.4,1097.7
1684418400,19620,11.4,51,100,20,100,98,196.0,20.0,176.0,29.8,898.6
1684425600,13350,11.1,51,100,44,100,80,89.0,4.0,85.0,9.7,553.7
1684432800,550,10.3,51,100,64,100,99,13.0,0.0,13.0,0.0,155.4
1684468800,1530,9.2,51,100,100,79,98,8.0,0.0,8.0,0.0,156.8
1684476000,9160,10.1,3,100,100,68,98,72.0,1.0,71.0,2.4,555.3
1684483200,14750,11.6,3,100,100,73,95,150.0,6.0,144.0,8.9,900.4
1684490400,19640,12.5,3,100,100,42,88,115.0,2.0,113.0,2.4,1099.7
1684497600,19060,14.0,3,100,100,47,51,188.0,4.0,184.0,4.9,1100.0
1684504800,16080,14.8,3,100,100,58,55,143.0,10.0,133.0,14.8,901.3
1684512000,6600,14.6,3,100,100,51,20,64.0,4.0,60.0,9.6,557.0
1684519200,280,13.9,3,100,100,36,31,17.0,1.0,16.0,7.6,159.5
1684555200,1460,12.1,2,70,76,1,3,31.0,2.0,29.0,15.1,160.5
1684562400,29170,14.1,2,69,59,25,2,177.0,59.0,118.0,141.2,558.3
1684569600,68290,17.5,2,77,66,28,3,419.0,217.0,202.0,321.2,902.8
1684576800,77720,20.7,1,42,29,21,11,700.0,494.0,206.0,599.1,1101.9
1684584000,63890,21.7,1,32,12,21,28,685.0,525.0,160.0,636.5,1102.2
1684591200,30910,21.9,0,17,1,15,23,574.0,418.0,156.0,617.9,904.0
1684598400,15650,20.2,1,38,5,53,6,259.0,164.0,95.0,391.1,560.3
1684605600,2480,18.1,0,10,3,4,17,58.0,25.0,33.0,187.0,163.4
1684641600,6910,11.5,1,26,0,0,88,64.0,26.0,38.0,194.2,164.0
1684648800,44670,14.7,1,22,0,0,72,338.0,238.0,100.0,566.6,561.1
1684656000,73590,18.3,0,13,0,0,42,639.0,515.0,124.0,760.1,905.1
1684663200,85060,20.6,0,3,0,0,9,816.0,679.0,137.0,821.6,1103.9
1684670400,77710,21.2,0,10,11,0,0,817.0,681.0,136.0,823.7,1104.4
1684677600,51520,20.9,0,2,0,4,0,639.0,515.0,124.0,758.8,906.6
1684684800,12530,19.8,0,0,0,0,0,350.0,258.0,92.0,611.5,563.6
1684692000,1810,17.0,0,0,0,0,0,72.0,35.0,37.0,259.1,167.3
1684728000,7220,9.4,1,26,0,1,83,61.0,17.0,44.0,125.9,167.4
1684735200,42170,15.5,1,44,12,9,92,315.0,176.0,139.0,416.8,563.9
1684742400,70660,18.8,1,45,10,26,67,575.0,380.0,195.0,559.3,907.3
1684749600,62140,20.4,2,58,0,79,34,678.0,449.0,229.0,542.1,1105.9
1684756800,39780,20.6,2,73,1,99,43,439.0,117.0,322.0,141.2,1106.5
1684764000,31850,20.2,2,70,0,94,44,269.0,95.0,174.0,139.5,909.1
1684771200,14390,19.7,1,37,0,17,88,210.0,51.0,159.0,120.1,566.7
1684778400,2780,17.3,0,13,0,8,26,51.0,8.0,43.0,58.6,171.2
1684814400,7060,11.1,0,3,0,4,1,71.0,33.0,38.0,242.2,170.7
1684821600,43560,16.1,0,14,0,0,46,350.0,253.0,97.0,596.2,566.5
1684828800,73480,19.6,0,9,0,0,30,641.0,514.0,127.0,754.4,909.4
1684836000,64750,21.3,1,48,0,39,81,763.0,543.0,220.0,654.2,1107.8
1684850400,53520,21.6,2,62,0,63,81,373.0,96.0,277.0,140.5,911.6
1684857600,14470,20.3,1,44,0,27,94,180.0,33.0,147.0,77.3,569.9
1684864800,2180,18.2,2,55,0,73,36,31.0,0.0,31.0,0.0,175.0
1684900800,4690,13.8,1,25,0,23,37,60.0,25.0,35.0,182.0,173.9
1684908000,22300,16.6,2,51,0,42,87,280.0,152.0,128.0,356.4,569.0
1684915200,69240,19.8,1,33,0,31,49,532.0,338.0,194.0,494.8,911.5
1684922400,82470,22.6,2,59,0,64,70,675.0,439.0,236.0,527.9,1109.6
1684929600,61760,23.7,0,18,0,26,7,672.0,461.0,211.0,553.8,1110.6
1684936800,20340,23.7,1,38,0,31,65,505.0,356.0,149.0,519.6,914.1
1684944000,7360,22.8,2,55,0,53,76,266.0,143.0,123.0,333.0,573.0
1684951200,2540,20.6,1,32,0,31,45,51.0,11.0,40.0,79.0,178.7
1684987200,1760,13.2,3,100,100,44,0,67.0,31.0,36.0,223.9,176.9
1684994400,10930,15.8,3,100,98,48,0,270.0,155.0,115.0,361.8,571.4
1685001600,22990,17.0,3,86,62,51,0,429.0,212.0,217.0,309.6,913.4
1685008800,49310,20.1,1,30,17,20,9,721.0,503.0,218.0,603.6,1111.4
1685016000,46710,21.2,1,40,14,35,21,568.0,319.0,249.0,382.4,1112.5
1685023200,39620,21.4,0,11,3,4,20,457.0,247.0,210.0,359.4,916.5
1685030400,12810,19.9,51,42,26,28,7,183.0,72.0,111.0,166.7,576.0
1685037600,2100,18.6,2,54,35,37,0,42.0,14.0,28.0,99.7,182.3
1685073600,2600,13.4,51,100,88,37,0,43.0,14.0,29.0,100.4,179.8
1685080800,27010,14.5,1,42,39,12,0,162.0,63.0,99.0,146.4,573.7
1685088000,60180,17.8,1,46,47,6,0,590.0,453.0,137.0,659.9,915.2
1685095200,41600,19.1,2,62,66,4,0,530.0,309.0,221.0,370.1,1113.1
1685102400,69490,20.1,2,50,49,10,0,727.0,515.0,212.0,616.2,1114.3
1685109600,39090,20.6,0,7,8,0,0,612.0,483.0,129.0,700.8,918.8
1685116800,14760,20.4,0,1,0,1,0,363.0,267.0,96.0,614.9,578.9
1685124000,2730,18.2,0,9,7,5,0,78.0,37.0,41.0,261.0,185.9
1685160000,7010,9.1,0,6,3,0,10,81.0,40.0,41.0,284.7,182.6
1685167200,40380,11.8,0,20,22,0,0,365.0,270.0,95.0,625.0,575.8
1685174400,71370,14.6,1,30,33,0,0,616.0,460.0,156.0,668.6,916.9
1685181600,85100,16.2,0,3,3,0,0,722.0,468.0,254.0,559.6,1114.7
1685188800,78760,17.4,0,0,0,0,0,835.0,698.0,137.0,833.5,1116.1
1685196000,52270,17.6,0,0,0,0,0,673.0,551.0,122.0,797.3,921.0
1685203200,14770,16.9,0,0,0,0,0,379.0,286.0,93.0,655.1,581.8
1685210400,2420,14.8,0,2,0,0,5,87.0,45.0,42.0,314.7,189.3
1685246400,6890,7.8,1,29,0,0,97,80.0,33.0,47.0,233.4,185.2
1685253600,41970,12.4,1,28,0,0,93,360.0,247.0,113.0,569.5,577.8
1685260800,65660,15.2,1,28,0,0,93,636.0,480.0,156.0,696.2,918.6
1685268000,85070,17.1,1,26,0,0,85,810.0,615.0,195.0,734.1,1116.2
1685275200,75860,18.4,1,26,0,0,88,808.0,617.0,191.0,735.4,1117.8
1685282400,47650,19.0,1,24,0,0,79,639.0,485.0,154.0,699.9,923.2
1685289600,13790,18.6,1,22,0,0,72,360.0,248.0,112.0,565.2,584.6
1685296800,1760,16.6,1,25,0,0,82,85.0,39.0,46.0,269.6,192.7
1685332800,7450,9.6,0,7,0,0,24,83.0,42.0,41.0,295.1,187.7
1685340000,41930,15.6,0,1,0,0,2,367.0,273.0,94.0,627.2,579.8
1685347200,69600,18.6,0,2,0,0,6,655.0,532.0,123.0,770.1,920.1
1685354400,81590,20.2,2,54,7,80,0,826.0,687.0,139.0,818.7,1117.6
1685361600,75100,21.2,2,57,0,95,0,545.0,256.0,289.0,304.6,1119.5
1685376000,15630,21.4,2,72,0,88,65,286.0,146.0,140.0,331.1,587.3
1685383200,2750,19.3,2,75,0,77,97,64.0,16.0,48.0,108.7,196.0
1685419200,8150,12.5,1,38,19,20,29,73.0,28.0,45.0,195.6,190.1
1685426400,41880,14.8,1,28,27,3,8,328.0,221.0,107.0,506.0,581.6
1685433600,72110,17.1,0,11,12,0,0,583.0,401.0,182.0,579.4,921.5
1685440800,83960,19.1,0,4,5,0,0,802.0,674.0,128.0,802.0,1119.0
1685448000,76720,20.3,0,0,0,0,0,838.0,699.0,139.0,830.1,1121.1
1685455200,51260,20.7,0,0,0,0,0,676.0,556.0,120.0,798.2,927.4
1685462400,13190,19.9,0,0,0,0,0,378.0,282.0,96.0,636.4,589.9
1685469600,2180,17.8,0,0,0,0,0,90.0,47.0,43.0,314.2,199.1
1685476800,160,15.1,0,0,0,0,0,0.0,0.0,0.0,0.0,0.0
1685505600,7880,9.9,0,0,0,0,0,86.0,44.0,42.0,304.5,192.3
1685512800,44750,13.5,0,2,0,0,7,375.0,280.0,95.0,639.0,583.3
1685520000,74250,16.6,0,6,0,0,20,667.0,544.0,123.0,784.6,922.8
1685527200,84930,18.9,0,15,0,0,50,845.0,708.0,137.0,841.2,1120.2
1685534400,74530,20.5,1,20,0,0,68,846.0,706.0,140.0,837.0,1122.6
1685541600,52110,21.2,0,6,0,0,20,674.0,548.0,126.0,784.7,929.4
1685548800,13010,20.8,0,0,0,0,0,386.0,292.0,94.0,655.9,592.5
1685556000,2080,18.2,0,0,0,0,0,94.0,50.0,44.0,329.1,202.2
1685592000,8140,10.9,0,1,0,0,4,88.0,46.0,42.0,314.8,194.4
1685599200,44150,16.9,0,0,0,0,0,375.0,283.0,92.0,643.9,584.8
1685606400,73190,20.6,0,1,0,0,3,662.0,541.0,121.0,779.0,924.1
1685613600,84410,22.8,0,0,0,0,0,835.0,700.0,135.0,830.5,1121.4
1685620800,75820,24.0,0,0,0,0,0,838.0,706.0,132.0,835.7,1124.0
1685628000,50580,24.3,0,2,0,4,0,651.0,522.0,129.0,745.8,931.3
1685635200,12770,23.4,0,4,1,5,0,370.0,274.0,96.0,612.7,594.9
1685642400,2270,20.9,0,0,0,0,0,91.0,47.0,44.0,304.8,205.2
1685649600,160,18.1,0,0,0,0,0,0.0,0.0,0.0,0.0,0.0
1685678400,6330,12.6,3,96,94,1,37,76.0,33.0,43.0,223.5,196.4
1685685600,15910,14.6,3,91,100,2,0,304.0,184.0,120.0,417.5,586.3
1685692800,13270,13.9,3,100,100,7,18,170.0,22.0,148.0,31.6,925.2
1685700000,6790,14.4,51,100,100,19,0,317.0,85.0,232.0,100.7,1122.5
1685707200,9800,13.4,3,100,94,88,0,190.0,41.0,149.0,48.5,1125.4
1685714400,22690,13.1,1,50,22,50,0,322.0,172.0,150.0,245.2,933.1
1685721600,13030,14.0,0,12,9,7,0,329.0,222.0,107.0,494.3,597.3
1685728800,2360,13.4,0,13,2,18,0,97.0,51.0,46.0,326.1,208.0
1685736000,160,11.0,0,1,0,1,0,0.0,0.0,0.0,0.0,0.0
1685764800,8940,6.4,0,0,0,0,0,92.0,48.0,44.0,322.1,198.2
1685772000,44580,9.6,0,3,3,0,0,382.0,286.0,96.0,647.2,587.6
1685779200,68610,12.1,1,35,39,0,0,593.0,406.0,187.0,582.9,926.3
1685786400,86810,15.0,0,4,4,0,0,819.0,624.0,195.0,738.5,1123.5
1685793600,66750,16.7,0,0,0,0,0,656.0,339.0,317.0,400.1,1126.6
1685800800,35100,17.7,0,0,0,0,0,592.0,354.0,238.0,503.5,934.8
1685808000,16340,17.6,0,3,0,0,10,339.0,215.0,124.0,476.8,599.6
1685815200,2250,15.7,0,5,0,0,18,100.0,55.0,45.0,347.0,210.7
1685822400,160,11.7,1,24,0,0,79,0.0,0.0,0.0,0.0,0.0
1685851200,8540,8.0,0,17,0,0,57,85.0,32.0,53.0,212.8,199.9
1685858400,39900,13.1,1,26,0,0,85,342.0,192.0,150.0,433.5,588.8
1685865600,68610,16.3,0,16,0,0,54,648.0,486.0,162.0,696.8,927.2
1685872800,85150,18.1,0,11,9,5,1,837.0,690.0,147.0,815.7,1124.5
1685880000,77080,19.4,0,6,0,10,0,830.0,677.0,153.0,797.9,1127.8
1685887200,52160,20.0,1,30,0,50,0,618.0,468.0,150.0,664.3,936.5
1685894400,14860,19.8,1,28,0,47,0,331.0,186.0,145.0,410.9,601.7
1685901600,2610,17.5,0,1,0,0,2,98.0,53.0,45.0,330.2,213.3
1685937600,7920,9.5,0,0,0,0,0,91.0,48.0,43.0,316.7,201.4
1685944800,43070,16.2,0,0,0,0,0,378.0,284.0,94.0,639.8,589.9
1685952000,70900,19.5,0,0,0,0,0,663.0,541.0,122.0,774.7,928.1
1685959200,81780,21.2,0,0,0,0,0,838.0,702.0,136.0,829.0,1125.3
1685966400,74690,22.4,0,0,0,0,0,841.0,706.0,135.0,831.0,1129.0
1685973600,50400,22.9,0,0,0,0,0,631.0,462.0,169.0,654.5,938.0
1685980800,13400,22.2,0,1,0,0,2,317.0,182.0,135.0,400.5,603.8
1685988000,2410,19.9,0,0,0,0,0,92.0,38.0,54.0,234.0,215.8
1686024000,8980,11.5,1,30,0,1,97,91.0,47.0,44.0,307.9,202.8
1686031200,41690,17.7,1,48,0,35,91,369.0,263.0,106.0,591.4,590.9
1686038400,66980,21.4,1,23,0,0,76,649.0,510.0,139.0,729.5,928.8
1686045600,84210,23.4,2,61,0,56,92,781.0,550.0,231.0,648.9,1126.1
1686052800,69780,24.6,2,57,0,50,89,800.0,604.0,196.0,710.1,1130.0
1686060000,50110,25.1,1,36,0,14,91,661.0,515.0,146.0,728.2,939.5
1686067200,17030,24.6,1,29,0,3,90,349.0,228.0,121.0,500.0,605.7
1686074400,3630,22.1,1,35,0,13,91,100.0,52.0,48.0,316.7,218.2
1686110400,7930,15.2,1,33,0,40,31,73.0,35.0,38.0,227.8,204.1
1686117600,40680,19.7,0,2,0,1,3,365.0,269.0,96.0,603.8,591.8
1686124800,69270,23.2,0,10,1,15,0,629.0,504.0,125.0,720.2,929.5
1686132000,80870,24.6,2,60,13,79,3,686.0,481.0,205.0,567.0,1126.8
1686139200,57690,24.8,1,44,4,66,3,593.0,422.0,171.0,495.6,1131.0
1686146400,41410,25.3,2,53,2,65,40,575.0,426.0,149.0,601.3,940.9
1686153600,10240,24.5,1,25,0,40,4,303.0,209.0,94.0,456.8,607.6
1686160800,2700,22.4,0,11,0,18,0,84.0,43.0,41.0,259.1,220.4
1686196800,8240,13.5,0,0,0,0,0,90.0,46.0,44.0,297.7,205.2
1686204000,40470,17.7,0,0,0,0,0,368.0,272.0,96.0,609.6,592.5
1686211200,69420,20.6,0,0,0,0,0,643.0,507.0,136.0,723.9,930.0
1686218400,80840,23.1,1,40,7,56,0,767.0,612.0,155.0,720.8,1127.4
1686225600,74020,23.9,1,31,5,44,0,614.0,438.0,176.0,513.8,1131.9
1686232800,43390,24.4,1,30,1,48,0,484.0,347.0,137.0,489.0,942.2
1686240000,13800,24.5,1,22,2,33,0,342.0,246.0,96.0,536.0,609.4
1686247200,2200,22.6,0,13,0,21,0,83.0,42.0,41.0,250.6,222.5
1686283200,7930,15.1,0,1,0,1,0,88.0,44.0,44.0,283.3,206.2
1686290400,40910,19.6,0,14,1,2,39,358.0,260.0,98.0,582.0,593.1
1686297600,69940,22.3,1,37,2,10,96,617.0,480.0,137.0,684.9,930.5
1686304800,83660,24.2,2,64,14,41,91,689.0,528.0,161.0,621.4,1127.9
1686312000,46380,25.2,51,42,0,29,81,711.0,533.0,178.0,624.7,1132.7
1686319200,22700,23.6,53,44,1,27,88,381.0,178.0,203.0,250.4,943.5
1686326400,19470,20.4,61,54,0,42,96,173.0,25.0,148.0,54.3,611.1
1686333600,4750,19.5,2,55,6,37,90,53.0,5.0,48.0,29.6,224.6
1686340800,160,18.6,51,46,0,32,90,0.0,0.0,0.0,0.0,0.0
1686369600,4340,16.2,1,42,0,30,79,81.0,34.0,47.0,218.0,207.0
1686376800,43350,17.7,51,37,0,20,84,305.0,186.0,119.0,415.9,593.6
1686384000,74180,20.7,1,20,0,2,64,605.0,431.0,174.0,614.6,930.8
1686391200,72030,22.6,1,22,0,16,42,762.0,551.0,211.0,648.1,1128.4
1686398400,44280,23.0,1,36,4,42,23,603.0,413.0,190.0,483.6,1133.5
1686405600,45520,22.4,51,26,7,26,15,538.0,359.0,179.0,504.3,944.7
1686412800,17330,21.0,51,18,6,20,1,300.0,196.0,104.0,424.5,612.7
1686420000,2940,19.7,1,20,3,29,0,82.0,35.0,47.0,205.1,226.5
1686456000,7990,14.1,0,0,0,0,0,94.0,50.0,44.0,319.5,207.7
1686463200,45640,16.2,0,3,3,0,0,373.0,275.0,98.0,614.4,593.9
1686470400,75950,18.5,1,26,29,0,0,678.0,559.0,119.0,796.7,931.1
1686477600,75050,19.9,3,100,55,92,0,698.0,443.0,255.0,520.7,1128.8
1686484800,54660,20.5,3,100,58,89,0,616.0,359.0,257.0,420.0,1134.2
1686492000,43300,20.4,2,51,17,60,0,454.0,287.0,167.0,402.6,945.9
1686499200,16990,20.2,2,60,15,77,0,351.0,231.0,120.0,498.9,614.3
1686506400,2640,18.8,1,25,0,41,0,99.0,52.0,47.0,302.1,228.4
1686542400,8710,12.2,0,1,0,2,0,93.0,49.0,44.0,312.2,208.2
1686549600,45810,15.2,0,0,0,0,0,370.0,268.0,102.0,598.4,594.2
1686556800,73730,17.9,1,43,17,46,0,673.0,549.0,124.0,782.1,931.2
1686564000,84200,19.0,1,33,10,40,0,712.0,503.0,209.0,591.0,1129.1
1686571200,77780,19.9,1,26,2,41,0,766.0,564.0,202.0,659.3,1134.8
1686578400,52590,19.6,1,43,0,72,0,467.0,288.0,179.0,403.4,947.0
1686585600,20070,17.0,1,38,0,63,1,327.0,181.0,146.0,389.9,615.8
1686592800,4050,14.5,0,19,0,27,10,92.0,38.0,54.0,219.0,230.1
1686628800,640,10.6,3,100,100,97,0,17.0,0.0,17.0,0.0,208.6
1686636000,3880,11.5,51,100,100,54,1,51.0,7.0,44.0,15.6,594.3
1686643200,7560,12.7,3,100,100,30,24,144.0,7.0,137.0,10.0,931.3
1686650400,9720,15.0,51,100,100,75,94,214.0,5.0,209.0,5.9,1129.3
1686657600,17570,15.5,51,100,100,87,96,151.0,1.0,150.0,1.2,1135.4
1686664800,17340,15.7,3,100,100,73,97,98.0,1.0,97.0,1.4,948.0
1686672000,3910,15.8,3,100,88,89,86,131.0,18.0,113.0,38.7,617.2
1686679200,710,14.7,51,100,100,100,53,24.0,1.0,23.0,5.7,231.8
1686715200,1510,11.8,2,67,33,59,5,21.0,0.0,21.0,0.0,208.9
1686722400,9680,13.0,1,39,12,46,1,77.0,1.0,76.0,2.2,594.3
1686729600,22400,16.3,3,96,51,82,3,350.0,84.0,266.0,119.6,931.3
1686736800,29050,17.4,3,100,71,99,15,303.0,108.0,195.0,126.8,1129.5
1686744000,50310,18.2,51,100,79,94,40,321.0,85.0,236.0,99.2,1136.0
1686751200,39030,17.3,61,100,56,87,51,293.0,80.0,213.0,111.8,948.9
1686758400,9810,17.1,51,83,44,59,28,206.0,52.0,154.0,111.5,618.6
1686765600,3260,16.3,51,88,48,51,48,63.0,11.0,52.0,62.5,233.4
1686801600,640,12.5,51,50,23,44,9,56.0,20.0,36.0,126.9,209.0
1686808800,37610,15.2,3,100,98,21,81,272.0,142.0,130.0,316.8,594.2
1686816000,56930,16.2,3,100,95,12,59,395.0,163.0,232.0,232.1,931.2
1686823200,55990,19.2,51,70,23,75,14,701.0,495.0,206.0,581.0,1129.6
1686830400,55750,20.3,51,82,29,69,48,641.0,386.0,255.0,450.3,1136.4
1686837600,48620,20.6,51,37,6,38,30,519.0,338.0,181.0,471.8,949.8
1686844800,12520,20.5,51,19,0,29,5,324.0,220.0,104.0,470.5,619.8
1686852000,2610,19.2,0,14,1,22,1,86.0,38.0,48.0,214.5,234.8
1686888000,6090,13.8,1,22,0,0,72,89.0,38.0,51.0,241.0,209.0
1686895200,21510,18.0,1,26,0,0,87,333.0,210.0,123.0,468.6,594.0
1686902400,47940,20.3,2,57,13,33,85,540.0,321.0,219.0,457.0,931.0
1686909600,68920,21.7,2,57,4,47,85,581.0,353.0,228.0,414.2,1129.6
1686916800,50860,22.1,51,56,2,41,97,579.0,347.0,232.0,404.6,1136.8
1686924000,22300,21.0,2,71,1,70,93,290.0,80.0,210.0,111.5,950.7
1686931200,8790,19.7,51,91,1,100,100,154.0,19.0,135.0,40.6,621.0
1686938400,1040,18.3,3,83,0,90,97,55.0,1.0,54.0,5.6,236.2
1686974400,1940,14.8,61,100,58,100,91,13.0,0.0,13.0,0.0,208.9
1686981600,10890,15.7,51,100,68,100,90,114.0,9.0,105.0,20.1,593.7
1686988800,25300,16.4,3,100,59,46,91,225.0,84.0,141.0,119.6,930.7
1686996000,55660,18.7,51,100,28,93,98,466.0,201.0,265.0,235.8,1129.6
1687003200,49740,20.2,51,100,15,97,100,417.0,125.0,292.0,145.7,1137.2
1687010400,28030,21.1,2,80,15,62,96,416.0,186.0,230.0,259.1,951.4
1687017600,16790,20.7,51,77,18,59,84,233.0,87.0,146.0,185.3,622.1
1687024800,3790,19.5,0,16,1,12,28,86.0,28.0,58.0,156.3,237.4
1687060800,4200,15.3,2,73,0,97,50,77.0,23.0,54.0,146.1,208.7
1687068000,12010,19.0,3,89,1,99,96,313.0,181.0,132.0,404.2,593.3
1687075200,17360,18.8,51,98,10,98,100,274.0,54.0,220.0,76.9,930.3
1687082400,13370,19.3,51,100,22,96,100,308.0,38.0,270.0,44.6,1129.5
1687089600,9110,20.4,51,76,5,69,99,369.0,59.0,310.0,68.7,1137.4
1687096800,21560,21.2,51,47,15,14,85,416.0,141.0,275.0,196.2,952.1
1687104000,22990,19.4,2,54,25,9,87,145.0,21.0,124.0,44.7,623.1
1687111200,8080,18.5,2,52,22,15,79,57.0,5.0,52.0,27.8,238.5
1687147200,6860,13.6,3,100,100,13,6,73.0,24.0,49.0,152.6,208.3
1687154400,40850,16.1,3,82,88,3,2,188.0,37.0,151.0,82.7,592.8
1687161600,61560,20.2,0,12,11,4,0,599.0,437.0,162.0,622.6,929.9
1687168800,84790,22.5,2,64,7,95,1,758.0,596.0,162.0,699.2,1129.3
1687176000,79050,23.3,1,43,5,63,2,670.0,501.0,169.0,583.4,1137.7
1687183200,46940,23.8,1,23,11,22,1,612.0,447.0,165.0,621.6,952.7
1687190400,17020,23.4,1,29,7,26,23,318.0,215.0,103.0,456.5,623.9
1687197600,3340,21.6,1,31,7,36,9,87.0,37.0,50.0,204.6,239.5
1687233600,4770,16.7,0,16,0,19,17,86.0,38.0,48.0,242.2,207.8
1687240800,35600,21.0,0,13,0,22,0,330.0,219.0,111.0,489.9,592.2
1687248000,53410,24.5,0,5,1,7,0,628.0,492.0,136.0,701.2,929.4
1687255200,75990,25.5,0,20,2,30,0,732.0,579.0,153.0,679.3,1129.1
1687262400,73250,26.1,1,24,11,23,0,645.0,415.0,230.0,483.1,1137.8
1687269600,50470,26.5,1,40,0,31,72,565.0,408.0,157.0,567.0,953.2
1687276800,18070,26.1,2,52,1,36,97,301.0,201.0,100.0,426.2,624.7
1687284000,4580,23.9,1,38,1,27,70,93.0,37.0,56.0,203.9,240.4
1687320000,7110,17.7,0,14,0,3,41,84.0,35.0,49.0,223.7,207.2
1687327200,42430,21.9,0,4,0,0,12,288.0,123.0,165.0,275.4,591.5
1687334400,71610,26.2,1,34,0,8,96,627.0,483.0,144.0,688.7,928.8
1687341600,71470,27.4,2,64,1,56,99,652.0,446.0,206.0,523.3,1128.8
1687348800,39480,28.2,3,81,0,86,98,599.0,365.0,234.0,424.8,1137.9
1687356000,9280,28.3,2,75,0,77,96,427.0,223.0,204.0,309.7,953.6
1687363200,4790,26.5,3,82,0,89,97,146.0,6.0,140.0,12.7,625.4
1687370400,990,24.2,2,78,1,82,94,50.0,6.0,44.0,33.0,241.1
1687406400,4330,19.3,51,43,15,25,48,49.0,6.0,43.0,38.5,206.5
1687413600,31210,20.2,51,59,55,0,31,145.0,57.0,88.0,127.8,590.8
1687420800,17300,23.1,2,66,48,4,67,330.0,88.0,242.0,125.6,928.2
1687428000,70820,24.8,1,43,19,2,82,671.0,435.0,236.0,510.5,1128.4
1687435200,72010,26.2,1,41,10,19,68,730.0,541.0,189.0,629.6,1137.9
1687442400,48490,26.7,1,29,5,4,75,628.0,487.0,141.0,676.0,953.9
1687449600,17080,26.0,1,22,3,0,63,361.0,233.0,128.0,492.9,625.9
1687456800,3720,23.8,0,5,6,0,0,111.0,54.0,57.0,295.8,241.7
1687492800,8260,17.3,1,29,0,0,97,84.0,32.0,52.0,206.0,205.7
1687500000,34040,21.6,2,60,6,41,100,353.0,250.0,103.0,561.2,589.9
1687507200,30280,23.5,1,35,2,6,100,431.0,118.0,313.0,168.5,927.5
1687514400,14480,23.8,61,74,0,73,100,342.0,48.0,294.0,56.3,1128.0
1687521600,19900,22.2,53,100,67,82,100,112.0,0.0,112.0,0.0,1137.8
1687528800,48720,22.0,61,100,97,87,100,170.0,22.0,148.0,30.5,954.2
1687536000,12260,19.4,51,100,61,46,100,102.0,6.0,96.0,12.7,626.4
1687543200,4420,18.1,3,90,52,24,97,34.0,1.0,33.0,5.5,242.2
1687579200,8040,16.9,2,77,2,76,98,50.0,10.0,40.0,64.6,204.8
1687586400,26120,18.3,2,67,3,58,97,158.0,23.0,135.0,51.7,589.0
1687593600,60620,20.9,1,36,0,20,80,532.0,359.0,173.0,512.9,926.7
1687600800,58670,22.8,2,56,25,7,96,734.0,482.0,252.0,566.0,1127.5
1687608000,25940,23.6,3,86,17,71,95,688.0,382.0,306.0,444.5,1137.6
1687615200,22320,23.3,3,98,21,84,94,524.0,291.0,233.0,403.7,954.3
1687622400,11510,23.0,2,65,0,59,98,264.0,124.0,140.0,261.9,626.7
1687629600,7590,21.4,1,43,0,36,71,98.0,43.0,55.0,234.7,242.5
1687636800,240,18.6,0,18,3,25,1,0.0,0.0,0.0,0.0,0.0
1687665600,9120,15.9,1,20,7,6,35,76.0,34.0,42.0,220.9,203.8
1687672800,29400,18.7,0,6,4,3,2,332.0,226.0,106.0,508.9,587.9
1687680000,70490,21.5,1,23,11,22,0,607.0,475.0,132.0,679.2,925.8
1687687200,68440,22.7,51,36,7,49,0,636.0,467.0,169.0,548.6,1127.0
1687694400,67670,23.3,1,26,3,39,0,650.0,470.0,180.0,547.0,1137.4
1687701600,50710,23.6,1,39,10,50,0,517.0,315.0,202.0,436.9,954.4
1687708800,8170,22.5,51,34,12,39,0,247.0,134.0,113.0,282.9,626.9
1687716000,4740,20.8,51,20,6,24,0,81.0,32.0,49.0,174.6,242.7
1687723200,240,18.4,0,19,5,24,0,0.0,0.0,0.0,0.0,0.0
1687752000,8500,16.0,0,2,1,2,0,81.0,39.0,42.0,254.7,202.7
1687759200,44250,20.4,0,7,3,7,0,346.0,249.0,97.0,561.6,586.8
1687766400,70620,23.0,0,16,0,27,0,592.0,429.0,163.0,613.9,924.9
1687773600,79970,23.7,1,32,0,54,0,603.0,427.0,176.0,501.8,1126.4
1687780800,73220,24.5,1,21,0,35,0,669.0,507.0,162.0,590.2,1137.1
1687788000,48320,24.6,1,23,0,39,0,496.0,332.0,164.0,460.5,954.4
1687795200,11590,24.2,0,19,0,32,0,293.0,197.0,96.0,415.9,627.0
1687802400,3550,22.2,0,7,0,11,0,98.0,53.0,45.0,289.0,242.7
1687838400,940,16.1,55,73,12,53,100,17.0,0.0,17.0,0.0,201.4
1687845600,3540,17.0,61,100,83,91,100,77.0,13.0,64.0,29.4,585.7
1687852800,19940,16.6,53,96,53,75,12,192.0,71.0,121.0,101.7,924.0
1687860000,50350,19.5,1,50,11,36,61,570.0,366.0,204.0,430.3,1125.7
1687867200,61570,20.5,51,46,7,41,49,620.0,392.0,228.0,456.4,1136.8
1687874400,23660,19.6,51,44,12,41,29,432.0,260.0,172.0,360.6,954.2
1687881600,16620,19.1,1,45,19,33,28,331.0,217.0,114.0,458.1,627.0
1687888800,900,17.7,51,28,7,20,34,88.0,41.0,47.0,223.7,242.6
1687896000,160,16.4,1,26,11,16,20,0.0,0.0,0.0,0.0,0.0
1687924800,4850,13.6,1,28,4,15,53,81.0,34.0,47.0,224.9,200.1
1687932000,38300,15.6,1,37,4,6,99,332.0,200.0,132.0,452.9,584.4
1687939200,76570,17.5,51,68,19,34,100,522.0,350.0,172.0,501.9,922.9
1687946400,44890,18.5,51,96,32,62,100,519.0,323.0,196.0,380.0,1124.9
1687953600,32440,19.3,2,70,9,54,99,589.0,277.0,312.0,322.6,1136.3
1687960800,18300,19.5,3,84,25,56,92,402.0,172.0,230.0,238.6,954.0
1687968000,14320,19.3,1,39,20,31,9,274.0,137.0,137.0,289.2,626.8
1687975200,3220,18.6,1,24,13,20,0,74.0,32.0,42.0,174.7,242.4
1687982400,240,16.5,1,28,12,28,0,0.0,0.0,0.0,0.0,0.0
1688011200,1280,14.4,3,92,100,3,0,75.0,32.0,43.0,213.2,198.6
1688018400,9060,16.7,3,84,93,1,0,247.0,75.0,172.0,170.2,583.0
1688025600,50180,19.9,1,28,31,1,0,480.0,270.0,210.0,387.6,921.8
1688032800,67750,22.8,1,21,11,5,27,726.0,535.0,191.0,629.8,1124.1
1688040000,70560,24.1,2,64,24,65,11,596.0,402.0,194.0,468.4,1135.8
1688047200,53930,23.9,1,45,20,40,10,418.0,258.0,160.0,358.0,953.7
1688054400,21190,21.2,51,29,8,37,0,256.0,138.0,118.0,291.5,626.6
1688061600,4030,20.4,1,34,15,34,0,91.0,47.0,44.0,257.0,242.0
1688097600,7920,15.3,1,39,17,40,0,75.0,36.0,39.0,241.8,197.0
1688104800,34350,19.6,1,43,18,44,2,305.0,197.0,108.0,448.3,581.5
1688115600,69270,22.8,51,40,2,43,43,560.0,422.0,138.0,535.2,1043.4
1688126400,75650,25.1,1,39,14,22,43,646.0,415.0,231.0,483.7,1135.2
1688133600,45130,24.9,1,35,0,38,42,337.0,81.0,256.0,112.4,953.4
1688140800,14280,24.5,2,62,0,66,75,290.0,170.0,120.0,359.2,626.2
1688148000,3970,22.6,1,37,0,16,90,56.0,12.0,44.0,65.8,241.5
1688184000,1030,17.5,53,100,48,94,56,40.0,2.0,38.0,13.6,195.2
1688191200,11110,18.6,51,100,77,100,37,173.0,72.0,101.0,164.3,579.9
1688198400,27070,19.3,53,100,79,85,1,215.0,63.0,152.0,90.7,919.2
1688205600,42490,20.1,51,77,70,16,15,487.0,252.0,235.0,297.1,1122.2
1688212800,75130,22.3,51,70,35,61,5,734.0,562.0,172.0,655.4,1134.6
1688220000,35720,23.1,1,47,21,47,0,578.0,446.0,132.0,619.3,952.9
1688227200,18300,22.7,1,46,22,43,0,282.0,182.0,100.0,384.8,625.8
1688234400,1440,21.5,1,40,20,36,0,87.0,42.0,45.0,230.7,240.9
1688270400,5470,17.5,2,58,5,89,0,48.0,18.0,30.0,123.2,193.4
1688277600,13290,19.9,51,59,21,67,1,274.0,146.0,128.0,334.1,578.2
1688284800,40290,20.2,53,78,23,95,0,325.0,91.0,234.0,131.2,917.8
1688292000,26220,19.9,51,80,32,85,0,392.0,175.0,217.0,206.5,1121.2
1688299200,27770,21.5,2,56,12,76,0,477.0,305.0,172.0,355.9,1133.9
1688306400,34580,22.8,1,23,9,25,0,597.0,458.0,139.0,636.3,952.4
1688313600,15920,22.1,1,28,0,47,0,336.0,232.0,104.0,490.9,625.3
1688320800,2460,20.6,0,7,0,11,0,113.0,64.0,49.0,352.6,240.1
1688356800,7680,14.7,1,27,1,20,47,78.0,36.0,42.0,248.9,191.4
1688364000,43760,17.9,0,15,2,22,0,342.0,230.0,112.0,528.0,576.4
1688371200,62580,20.4,1,32,13,33,0,570.0,418.0,152.0,603.6,916.3
1688378400,79640,21.3,1,48,0,80,0,554.0,298.0,256.0,352.0,1120.1
1688385600,68860,22.1,2,53,3,84,0,445.0,141.0,304.0,164.7,1133.1
1688392800,54400,22.7,1,30,0,50,0,323.0,88.0,235.0,122.3,951.7
1688400000,17740,22.7,1,40,0,66,0,304.0,193.0,111.0,408.8,624.6
1688407200,2680,21.0,0,18,0,30,0,90.0,45.0,45.0,248.8,239.3
1688443200,4080,15.1,1,34,0,57,0,59.0,21.0,38.0,146.8,189.2
1688450400,32630,19.6,1,32,1,51,0,306.0,205.0,101.0,472.2,574.4
1688457600,70450,22.1,0,15,0,25,0,518.0,375.0,143.0,542.4,914.7
1688464800,78390,24.1,1,22,0,32,11,827.0,686.0,141.0,811.2,1118.9
1688472000,78460,25.3,1,25,0,32,20,807.0,665.0,142.0,777.1,1132.2
1688479200,53320,25.2,0,20,0,30,6,554.0,399.0,155.0,555.1,951.0
1688486400,14850,24.8,1,37,0,61,0,316.0,205.0,111.0,434.8,623.9
1688493600,3360,22.5,0,12,0,20,0,87.0,48.0,39.0,266.5,238.3
1688529600,6030,14.6,0,2,0,4,0,76.0,36.0,40.0,253.9,187.0
1688536800,34230,20.3,0,5,0,9,0,355.0,263.0,92.0,607.9,572.4
1688544000,64010,24.3,0,0,0,0,0,610.0,483.0,127.0,699.9,913.1
1688551200,79210,26.7,1,38,0,63,0,811.0,673.0,138.0,796.7,1117.7
1688558400,59800,27.6,1,23,0,36,6,578.0,308.0,270.0,360.2,1131.3
1688565600,48820,27.3,2,64,0,88,38,377.0,213.0,164.0,296.6,950.2
1688572800,15790,26.7,2,53,0,73,30,304.0,209.0,95.0,443.9,623.0
1688580000,1900,24.4,1,33,0,38,35,86.0,42.0,44.0,234.3,237.2
1688616000,4180,17.6,61,96,34,59,99,48.0,4.0,44.0,28.4,184.7
1688623200,17690,18.2,55,100,73,72,62,155.0,31.0,124.0,71.9,570.4
1688630400,53630,19.7,51,79,28,74,31,376.0,192.0,184.0,278.7,911.4
1688637600,79780,22.2,2,51,7,27,96,669.0,462.0,207.0,547.6,1116.3
1688644800,58580,23.5,1,48,2,42,71,561.0,246.0,315.0,288.0,1130.3
1688652000,20220,23.2,2,72,0,82,75,462.0,253.0,209.0,352.6,949.4
1688659200,15470,22.6,2,65,0,83,50,311.0,194.0,117.0,412.6,622.0
1688666400,3430,20.9,1,21,0,17,35,98.0,41.0,57.0,229.9,235.9
1688702400,8100,14.7,0,5,0,8,0,79.0,40.0,39.0,285.5,182.2
1688709600,40910,18.8,0,5,0,8,0,353.0,263.0,90.0,612.4,568.2
1688716800,69840,21.7,1,33,3,51,0,627.0,511.0,116.0,743.3,909.6
1688724000,82410,22.2,1,27,1,42,4,557.0,400.0,157.0,474.7,1115.0
1688731200,69710,22.8,1,24,7,20,20,563.0,402.0,161.0,471.0,1129.2
1688738400,56480,23.3,1,39,0,51,28,453.0,267.0,186.0,372.5,948.4
1688745600,16780,23.3,0,0,0,0,0,358.0,228.0,130.0,485.8,620.9
1688752800,2400,21.3,0,0,0,0,0,111.0,63.0,48.0,355.4,234.5
1688788800,6460,13.4,0,0,0,0,0,77.0,39.0,38.0,280.2,179.7
1688796000,41860,19.1,0,0,0,0,1,352.0,263.0,89.0,614.9,565.9
1688803200,70880,23.0,0,2,0,0,5,634.0,517.0,117.0,753.6,907.8
1688810400,63730,24.9,1,44,0,73,0,645.0,428.0,217.0,508.6,1113.5
1688817600,54930,25.8,2,58,0,97,0,469.0,218.0,251.0,255.7,1128.0
1688824800,44890,25.5,2,57,0,95,0,284.0,39.0,245.0,54.5,947.3
1688832000,16160,25.0,1,27,0,45,1,175.0,11.0,164.0,23.5,619.8
1688839200,2620,23.1,0,0,0,0,0,91.0,44.0,47.0,249.8,233.0
1688875200,6460,14.9,0,15,0,0,50,75.0,38.0,37.0,274.9,177.0
1688882400,41380,18.7,0,13,0,0,44,347.0,257.0,90.0,603.3,563.6
1688889600,71560,22.1,0,1,0,0,3,622.0,495.0,127.0,723.0,905.9
1688896800,82870,24.0,0,0,0,0,0,813.0,686.0,127.0,816.2,1112.0
1688904000,76960,25.3,0,1,0,0,4,828.0,694.0,134.0,814.9,1126.8
1688911200,56860,25.9,0,11,0,0,38,670.0,549.0,121.0,767.7,946.2
1688918400,18980,25.4,0,1,0,0,3,366.0,261.0,105.0,558.4,618.5
1688925600,2480,22.9,0,2,0,3,0,98.0,54.0,44.0,308.8,231.4
1688961600,6320,15.9,0,18,4,11,25,74.0,37.0,37.0,269.6,174.3
1688976000,71360,23.1,0,19,6,22,0,629.0,512.0,117.0,749.5,903.9
1688983200,73240,25.0,0,6,1,7,4,786.0,657.0,129.0,782.9,1110.5
1688990400,79100,26.4,0,8,0,10,6,792.0,660.0,132.0,775.9,1125.5
1688997600,47940,26.8,1,37,0,12,99,619.0,450.0,169.0,630.1,945.0
1689004800,19950,26.0,0,14,0,0,48,300.0,112.0,188.0,240.2,617.1
1689012000,4040,23.4,1,30,0,7,85,93.0,31.0,62.0,178.7,229.6
1689048000,1500,16.4,53,65,0,100,17,19.0,1.0,18.0,7.3,171.5
1689055200,11000,17.5,51,66,8,98,1,135.0,39.0,96.0,92.4,558.8
1689062400,33380,20.2,2,56,5,86,0,412.0,122.0,290.0,179.0,901.9
1689069600,85970,21.5,2,74,18,96,0,407.0,183.0,224.0,218.4,1108.9
1689076800,81830,23.2,3,91,68,49,0,476.0,254.0,222.0,299.0,1124.2
1689084000,55430,23.7,3,100,96,81,8,351.0,169.0,182.0,237.0,943.6
1689091200,17730,23.6,3,100,69,84,54,201.0,80.0,121.0,172.0,615.5
1689098400,3570,22.4,1,34,2,36,35,82.0,40.0,42.0,232.5,227.7
1689134400,6860,15.2,1,29,0,0,98,69.0,33.0,36.0,244.1,168.6
1689141600,38480,21.0,0,12,0,2,37,320.0,234.0,86.0,556.7,556.3
1689148800,71110,24.7,0,20,0,4,57,614.0,501.0,113.0,736.8,899.8
1689156000,67660,27.1,1,27,0,0,90,728.0,520.0,208.0,621.5,1107.2
1689163200,69830,28.6,1,30,0,0,100,621.0,246.0,375.0,290.0,1122.7
1689170400,19850,27.6,51,86,0,95,98,360.0,89.0,271.0,125.0,942.2
1689177600,5480,24.1,61,64,0,63,89,171.0,69.0,102.0,148.7,613.9
1689184800,1050,22.4,51,58,4,42,97,64.0,21.0,43.0,123.2,225.7
1689220800,4650,17.9,1,49,2,28,100,61.0,23.0,38.0,171.5,165.6
1689228000,22220,21.2,1,39,0,32,67,269.0,130.0,139.0,310.7,553.7
1689235200,46450,23.9,1,48,6,33,77,572.0,414.0,158.0,610.3,897.7
1689242400,59270,25.4,3,96,7,100,99,532.0,294.0,238.0,352.0,1105.5
1689249600,6530,24.6,51,100,26,100,100,344.0,48.0,296.0,56.7,1121.2
1689256800,5710,20.9,53,93,3,100,100,117.0,1.0,116.0,1.4,940.7
1689264000,5800,20.6,51,88,0,97,100,130.0,11.0,119.0,23.8,612.1
1689271200,2100,20.4,2,56,1,41,100,45.0,0.0,45.0,0.0,223.5
1689307200,5640,15.5,1,24,3,35,0,65.0,31.0,34.0,233.0,162.6
1689314400,36030,19.0,1,37,32,14,0,336.0,248.0,88.0,595.7,551.0
1689321600,68800,21.6,0,11,11,0,5,610.0,485.0,125.0,716.8,895.5
1689328800,59290,23.7,2,58,33,46,2,737.0,576.0,161.0,690.7,1103.7
1689343200,49320,24.3,1,20,2,31,0,599.0,454.0,145.0,639.9,939.1
1689350400,16610,23.3,1,26,0,44,0,281.0,205.0,76.0,444.6,610.3
1689357600,2870,21.7,0,5,0,9,0,87.0,47.0,40.0,281.3,221.2
1689364800,160,18.3,0,3,0,5,0,0.0,0.0,0.0,0.0,0.0
1689393600,3490,14.6,2,79,0,96,72,61.0,28.0,33.0,212.2,159.5
1689400800,30470,20.8,3,84,3,89,93,286.0,175.0,111.0,422.4,548.4
1689408000,69370,24.0,1,35,1,34,47,507.0,293.0,214.0,434.1,893.3
1689415200,79940,26.4,0,16,0,26,0,639.0,504.0,135.0,605.5,1101.9
1689422400,74660,28.0,1,35,0,57,4,757.0,592.0,165.0,700.9,1118.0
1689429600,30850,28.8,1,46,0,76,0,616.0,497.0,119.0,701.8,937.4
1689436800,17330,28.6,1,29,0,48,0,308.0,203.0,105.0,441.8,608.3
1689444000,2420,26.0,0,1,0,2,0,93.0,48.0,45.0,290.5,218.7
1689451200,160,23.2,0,0,0,0,0,0.0,0.0,0.0,0.0,0.0
1689480000,5280,19.9,0,1,0,0,4,63.0,31.0,32.0,237.0,156.3
1689487200,39690,24.0,0,12,0,0,41,326.0,238.0,88.0,577.4,545.6
1689494400,68970,27.9,0,3,0,0,9,607.0,488.0,119.0,725.0,891.1
1689501600,80080,30.9,0,11,0,18,1,716.0,595.0,121.0,716.1,1100.0
1689508800,57670,31.9,1,28,1,19,54,693.0,556.0,137.0,659.3,1116.3
1689516000,41560,32.0,1,48,12,42,39,500.0,350.0,150.0,495.2,935.6
1689523200,12880,29.1,53,55,20,28,67,283.0,171.0,112.0,373.5,606.1
1689530400,3440,27.2,1,22,0,22,28,65.0,22.0,43.0,134.7,216.2
1689566400,4990,20.0,2,55,0,41,100,60.0,28.0,32.0,216.0,153.1
1689573600,24940,24.8,1,28,0,8,77,285.0,190.0,95.0,463.4,542.9
1689580800,24750,27.1,1,30,1,33,32,576.0,427.0,149.0,636.1,888.8
1689588000,49970,28.8,2,50,1,52,60,669.0,455.0,214.0,548.6,1098.1
1689595200,69060,29.5,3,88,24,79,62,648.0,395.0,253.0,469.2,1114.5
1689602400,22470,25.1,61,57,11,29,100,292.0,63.0,229.0,89.3,933.7
1689609600,11450,22.2,61,56,2,57,66,105.0,8.0,97.0,17.5,603.9
1689616800,1340,21.1,51,52,0,84,6,47.0,12.0,35.0,74.4,213.4
1689652800,380,18.4,0,18,0,28,5,41.0,11.0,30.0,85.6,149.8
1689660000,40660,20.0,0,2,0,3,0,332.0,245.0,87.0,600.7,540.0
1689667200,71400,20.7,0,6,7,0,0,618.0,491.0,127.0,733.4,886.4
1689674400,83570,22.1,2,54,36,36,0,795.0,651.0,144.0,786.4,1096.0
1689681600,74140,23.4,1,40,1,26,79,731.0,539.0,192.0,641.4,1112.7
1689688800,51970,23.6,1,28,0,44,5,534.0,343.0,191.0,487.5,931.7
1689696000,13060,23.2,1,38,0,63,0,233.0,106.0,127.0,233.3,601.5
1689703200,2510,21.7,0,16,0,17,18,68.0,24.0,44.0,150.9,210.5
1689739200,5630,16.0,1,40,0,65,3,59.0,28.0,31.0,220.1,146.3
1689746400,38040,20.1,1,48,0,61,39,299.0,180.0,119.0,443.8,537.1
1689753600,69390,21.9,1,34,2,45,17,516.0,358.0,158.0,536.3,884.0
1689760800,74910,24.0,2,51,0,70,30,702.0,536.0,166.0,648.8,1094.0
1689768000,41370,24.8,2,66,0,64,91,508.0,257.0,251.0,306.4,1110.7
1689775200,39120,24.4,2,63,0,64,83,304.0,74.0,230.0,105.4,929.6
1689782400,15070,24.0,0,1,0,1,0,296.0,180.0,116.0,397.9,599.0
1689789600,2720,22.9,0,10,0,16,0,89.0,47.0,42.0,299.9,207.5
1689825600,1020,15.9,3,89,0,98,100,36.0,2.0,34.0,15.9,142.8
1689832800,6550,17.0,51,92,3,100,99,115.0,6.0,109.0,14.9,534.1
1689840000,26780,16.0,53,56,4,87,2,168.0,30.0,138.0,45.1,881.5
1689847200,13030,17.7,51,84,40,75,11,355.0,70.0,285.0,84.9,1091.8
1689854400,34780,19.9,51,76,55,13,62,555.0,281.0,274.0,335.7,1108.6
1689861600,34410,21.2,2,63,22,32,80,594.0,446.0,148.0,637.0,927.3
1689868800,13590,21.1,2,55,24,31,51,270.0,181.0,89.0,402.0,596.4
1689876000,2390,19.6,1,22,2,34,0,67.0,34.0,33.0,220.4,204.3
1689912000,4950,13.5,0,18,4,21,7,48.0,21.0,27.0,168.5,139.2
1689919200,33010,17.5,0,19,2,26,6,304.0,213.0,91.0,531.4,531.0
1689926400,31910,19.9,1,28,12,28,0,560.0,416.0,144.0,627.0,878.9
1689933600,52390,20.9,51,33,0,55,0,609.0,436.0,173.0,530.1,1089.6
1689940800,61110,21.8,1,33,2,52,0,497.0,251.0,246.0,300.5,1106.5
1689948000,36520,22.6,1,30,1,48,0,479.0,321.0,158.0,459.7,925.0
1689955200,17750,22.5,1,34,0,47,21,233.0,125.0,108.0,278.9,593.6
1689962400,2290,20.8,0,10,0,1,31,89.0,43.0,46.0,283.4,201.0
1690002000,8840,15.8,53,25,12,22,4,74.0,17.0,57.0,68.2,330.5
1690009200,46890,19.0,51,38,20,13,39,392.0,261.0,131.0,484.3,713.9
1690016400,43140,21.1,0,19,11,15,0,626.0,485.0,141.0,640.3,1003.5
1690023600,72610,22.2,1,34,15,34,0,661.0,495.0,166.0,584.7,1121.6
1690030800,45400,22.3,1,29,4,42,0,562.0,434.0,128.0,554.8,1036.4
1690038000,33620,21.7,1,33,7,45,0,354.0,244.0,110.0,419.5,770.6
1690045200,7710,20.7,1,25,3,37,0,182.0,115.0,67.0,385.5,395.3
1690052400,320,18.7,0,9,3,11,0,9.0,2.0,7.0,26.8,40.2
1690084800,4490,12.1,0,16,0,1,51,49.0,15.0,34.0,123.1,131.6
1690092000,36090,17.5,1,34,0,7,100,262.0,110.0,152.0,277.9,524.5
1690099200,52040,21.1,1,41,0,19,100,458.0,200.0,258.0,303.4,873.5
1690106400,78170,23.3,51,82,0,94,87,591.0,269.0,322.0,328.6,1084.9
1690113600,29010,23.4,2,68,1,92,40,336.0,172.0,164.0,206.8,1101.9
1690120800,15820,23.8,2,68,4,100,16,294.0,115.0,179.0,165.6,920.0
1690128000,14340,23.9,2,73,0,75,93,128.0,33.0,95.0,74.4,587.7
1690135200,2200,22.3,2,58,0,46,100,44.0,6.0,38.0,41.0,193.9
1690171200,3330,19.1,1,41,0,21,94,35.0,6.0,29.0,49.8,127.7
1690178400,24290,20.9,1,31,0,3,98,215.0,69.0,146.0,175.5,521.2
1690185600,27400,20.8,3,80,0,90,87,264.0,48.0,216.0,73.1,870.6
1690192800,57460,22.3,2,72,1,71,96,323.0,126.0,197.0,154.3,1082.4
1690200000,61030,25.5,2,71,0,69,100,634.0,357.0,277.0,430.3,1099.5
1690207200,46780,26.9,1,39,3,37,47,532.0,355.0,177.0,512.9,917.4
1690214400,15550,26.9,1,38,0,14,100,277.0,198.0,79.0,448.9,584.6
1690221600,2200,24.6,1,32,0,6,94,64.0,27.0,37.0,186.9,190.2
1690257600,3290,18.9,1,24,0,4,72,35.0,6.0,29.0,50.4,123.7
1690264800,27660,21.6,1,21,3,8,46,290.0,207.0,83.0,529.9,517.8
1690272000,69850,23.1,0,15,8,10,5,572.0,452.0,120.0,690.4,867.8
1690279200,74110,24.5,1,26,4,5,66,758.0,607.0,151.0,745.1,1079.9
1690286400,65180,25.2,2,57,16,21,100,708.0,540.0,168.0,652.5,1097.1
1690293600,43590,24.8,1,50,0,33,100,484.0,322.0,162.0,466.7,914.6
1690300800,10940,24.1,3,90,0,100,100,243.0,91.0,152.0,207.5,581.3
1690308000,480,21.8,51,90,0,100,99,24.0,0.0,24.0,0.0,186.3
1690344000,1390,15.9,2,60,10,52,65,40.0,15.0,25.0,127.6,119.6
1690351200,38930,17.8,0,18,3,26,0,235.0,128.0,107.0,330.0,514.3
1690358400,68550,19.2,51,32,12,32,5,434.0,284.0,150.0,435.4,864.8
1690365600,26240,20.5,3,84,9,83,87,484.0,244.0,240.0,300.3,1077.3
1690372800,11020,21.2,3,100,48,99,83,318.0,44.0,274.0,53.3,1094.5
1690383600,9510,16.3,53,100,40,100,100,58.0,1.0,57.0,1.7,758.9
1690390800,1480,14.9,53,100,73,100,100,29.0,0.0,29.0,0.0,381.3
1690430400,1340,13.3,3,87,1,96,95,24.0,1.0,23.0,8.6,115.4
1690437600,21210,14.9,3,95,11,93,97,244.0,97.0,147.0,251.8,510.7
1690444800,36250,16.8,51,60,18,24,97,479.0,261.0,218.0,401.6,861.8
1690452000,44970,19.0,1,31,16,23,8,711.0,572.0,139.0,705.8,1074.6
1690459200,41470,19.9,1,33,17,29,0,593.0,418.0,175.0,507.7,1091.8
1690466400,31520,20.6,1,33,8,43,0,537.0,395.0,142.0,576.4,908.8
1690473600,15140,20.3,0,17,1,22,9,287.0,201.0,86.0,464.0,574.4
1690480800,2120,18.9,0,16,2,23,1,61.0,24.0,37.0,171.2,178.2
1690516800,900,15.6,3,91,2,98,100,8.0,0.0,8.0,0.0,111.2
1690524000,9620,16.6,2,79,10,66,100,56.0,0.0,56.0,0.0,507.1
1690531200,17620,17.8,51,100,76,99,100,304.0,81.0,223.0,125.1,858.8
1690538400,16660,17.6,53,100,100,92,72,216.0,12.0,204.0,14.8,1071.9
1690545600,20200,19.1,51,100,79,88,58,289.0,35.0,254.0,42.6,1089.1
1690552800,23730,19.9,51,100,87,94,59,169.0,48.0,121.0,70.3,905.8
1690560000,3940,20.0,61,48,19,20,62,142.0,43.0,99.0,99.9,570.8
1690567200,3480,18.2,2,69,43,39,24,54.0,24.0,30.0,173.1,173.9
1690603200,1780,14.9,2,61,62,9,0,33.0,11.0,22.0,97.4,106.9
1690610400,10040,17.0,2,66,71,3,0,230.0,94.0,136.0,247.7,503.5
1690617600,55840,19.7,2,63,59,4,24,488.0,363.0,125.0,562.8,855.7
1690624800,74070,22.1,1,31,30,7,0,636.0,392.0,244.0,486.4,1069.1
1690632000,61510,23.6,3,100,82,58,0,572.0,328.0,244.0,400.6,1086.3
1690639200,42170,24.2,2,77,65,29,5,387.0,214.0,173.0,314.5,902.6
1690646400,16300,24.3,3,91,40,44,96,272.0,152.0,120.0,355.6,567.1
1690653600,2520,21.9,51,58,11,32,95,61.0,16.0,45.0,116.7,169.5
1690689600,1110,18.0,0,1,1,0,0,19.0,4.0,15.0,35.9,102.6
1690696800,11450,18.5,2,56,61,0,3,138.0,25.0,113.0,66.4,499.8
1690704000,57150,20.7,0,19,17,0,11,478.0,297.0,181.0,462.3,852.5
1690711200,50780,22.6,2,62,6,46,98,603.0,450.0,153.0,560.0,1066.2
1690718400,65320,23.8,2,68,20,34,98,538.0,317.0,221.0,388.3,1083.4
1690725600,33220,24.0,2,74,14,55,95,373.0,238.0,135.0,351.2,899.4
1690732800,16510,23.6,51,63,10,42,95,245.0,155.0,90.0,365.2,563.3
1690740000,4680,22.0,2,53,11,24,95,55.0,18.0,37.0,132.9,165.0
1690776000,2020,16.7,1,42,9,22,69,29.0,12.0,17.0,109.3,98.1
1690783200,11590,18.5,2,63,5,51,94,187.0,96.0,91.0,256.9,496.0
1690790400,30260,19.6,2,59,2,47,97,377.0,177.0,200.0,276.6,849.3
1690797600,79620,21.5,2,57,19,17,99,588.0,287.0,301.0,358.2,1063.3
1690804800,64770,22.5,2,62,0,54,98,581.0,221.0,360.0,271.5,1080.4
1690812000,32410,22.7,3,100,27,94,99,326.0,77.0,249.0,114.1,896.0
1690819200,15590,22.0,1,37,0,26,71,170.0,50.0,120.0,118.7,559.3
1690826400,1460,20.3,1,22,9,22,1,53.0,19.0,34.0,142.0,160.4
1690862400,1780,17.3,2,66,17,35,100,24.0,2.0,22.0,18.5,93.7
1690869600,20320,20.0,3,95,16,84,100,236.0,125.0,111.0,337.1,492.2
1690876800,23530,22.6,3,92,4,98,100,402.0,134.0,268.0,210.3,846.1
1690884000,23340,22.7,51,100,17,99,100,223.0,3.0,220.0,3.8,1060.3
1690891200,16020,19.6,53,92,2,100,100,63.0,0.0,63.0,0.0,1077.4
1690898400,31600,19.7,51,100,14,100,100,162.0,10.0,152.0,14.9,892.6
1690905600,10520,19.6,51,100,29,100,100,66.0,0.0,66.0,0.0,555.3
1690912800,2430,18.9,51,100,16,100,100,24.0,0.0,24.0,0.0,155.7
1690952400,4110,16.6,1,45,38,12,12,114.0,49.0,65.0,226.2,287.6
1690959600,31500,18.5,1,44,48,1,0,312.0,167.0,145.0,327.2,677.7
1690966800,66250,21.3,1,22,20,7,0,648.0,523.0,125.0,714.3,972.2
1690974000,81990,22.7,1,38,13,43,0,667.0,512.0,155.0,622.5,1092.1
1690981200,36310,23.6,2,53,18,61,0,613.0,495.0,118.0,654.0,1005.0
1690988400,29400,23.6,2,57,15,73,0,386.0,250.0,136.0,452.2,734.2
1690995600,7530,22.5,1,26,3,14,48,146.0,80.0,66.0,301.7,352.1
1691002800,260,20.3,0,20,0,26,14,2.0,0.0,2.0,0.0,16.5
1691035200,2310,19.3,3,100,24,92,97,15.0,2.0,13.0,19.1,84.6
1691042400,13000,20.9,3,84,2,93,89,185.0,89.0,96.0,244.0,484.5
1691049600,31270,22.4,51,84,4,96,77,388.0,170.0,218.0,269.0,839.4
1691056800,16900,22.1,51,90,19,82,79,225.0,59.0,166.0,74.3,1054.2
1691064000,15470,21.7,51,89,0,99,99,177.0,20.0,157.0,24.8,1071.1
1691071200,11450,21.5,3,82,6,87,81,196.0,66.0,130.0,99.0,885.4
1691078400,13350,22.2,2,69,29,62,19,250.0,141.0,109.0,342.5,546.8
1691085600,2260,21.5,0,11,4,12,0,50.0,22.0,28.0,171.2,145.9
1691121600,3270,16.0,1,22,0,7,59,29.0,12.0,17.0,116.2,80.0
1691128800,33520,19.0,0,8,0,9,7,276.0,195.0,81.0,539.1,480.6
1691136000,56910,22.1,0,10,0,2,29,541.0,393.0,148.0,624.5,836.0
1691143200,87000,24.1,1,49,28,21,37,672.0,498.0,174.0,629.5,1051.1
1691150400,77930,24.8,3,91,53,60,23,543.0,360.0,183.0,447.9,1067.8
1691157600,39550,24.9,2,54,0,62,57,391.0,163.0,228.0,245.6,881.7
1691164800,10250,24.5,3,88,6,96,83,218.0,80.0,138.0,195.9,542.5
1691172000,1280,22.4,2,69,0,99,31,43.0,10.0,33.0,78.9,140.8
1691208000,3770,18.7,2,53,0,39,100,15.0,4.0,11.0,39.4,75.9
1691215200,10410,21.2,2,53,6,30,100,208.0,84.0,124.0,234.2,476.6
1691222400,2060,20.6,53,89,7,88,100,161.0,0.0,161.0,0.0,832.6
1691229600,9000,19.5,61,83,0,89,100,122.0,0.0,122.0,0.0,1047.9
1691236800,43500,21.0,51,100,63,44,100,244.0,17.0,227.0,21.2,1064.5
1691244000,11980,22.6,51,100,100,55,100,179.0,25.0,154.0,37.8,878.0
1691251200,5990,22.6,3,100,99,55,96,76.0,10.0,66.0,24.7,538.0
1691258400,930,21.4,51,62,17,34,87,27.0,9.0,18.0,72.1,135.7
1691294400,2550,19.7,1,28,7,0,71,24.0,7.0,17.0,70.1,73.7
1691301600,31020,22.3,1,21,3,0,60,235.0,113.0,122.0,317.8,472.6
1691308800,67070,25.2,0,0,0,0,1,537.0,411.0,126.0,658.9,829.2
1691316000,56350,27.7,1,38,6,52,6,661.0,439.0,222.0,558.7,1044.6
1691323200,74450,28.2,1,32,2,49,3,605.0,453.0,152.0,567.5,1061.1
1691330400,29130,27.0,51,63,15,57,51,389.0,239.0,150.0,363.5,874.1
1691337600,7910,25.6,51,80,17,60,97,178.0,72.0,106.0,179.4,533.4
1691344800,2900,22.8,51,67,19,34,99,36.0,7.0,29.0,57.0,130.4
1691384400,1800,14.4,3,100,91,84,82,27.0,0.0,27.0,0.0,266.2
1691391600,9950,15.2,2,78,46,26,70,151.0,18.0,133.0,36.3,659.4
1691398800,29730,17.6,2,77,36,30,88,440.0,188.0,252.0,261.5,955.9
1691406000,33820,18.9,3,100,81,73,45,514.0,264.0,250.0,326.3,1076.0
1691413200,32450,18.6,3,100,78,94,18,250.0,64.0,186.0,86.2,987.4
1691420400,16410,18.9,3,99,71,54,9,305.0,173.0,132.0,322.4,713.6
1691427600,5780,18.3,2,54,21,43,32,160.0,88.0,72.0,356.9,327.9
1691470800,8780,13.9,2,63,29,14,94,80.0,19.0,61.0,96.5,261.7
1691478000,24200,15.2,51,81,43,24,93,356.0,231.0,125.0,468.6,655.6
1691485200,44320,16.7,3,82,26,53,88,500.0,347.0,153.0,484.6,952.5
1691492400,37760,17.8,2,59,8,49,74,489.0,279.0,210.0,346.0,1072.6
1691499600,58750,18.7,2,73,20,65,53,591.0,401.0,190.0,542.3,983.6
1691506800,17530,18.9,3,100,25,87,86,350.0,185.0,165.0,347.0,709.1
1691514000,4810,18.1,1,40,9,48,9,140.0,57.0,83.0,235.0,322.7
1691521200,240,15.9,0,8,2,11,0,0.0,0.0,0.0,0.0,0.4
1691557200,13530,13.4,0,11,8,6,1,104.0,39.0,65.0,201.7,257.2
1691564400,55320,16.1,1,31,32,3,0,392.0,274.0,118.0,559.4,651.8
1691571600,60070,18.8,51,41,21,28,17,625.0,489.0,136.0,685.7,948.9
1691578800,42070,20.2,51,83,25,93,15,661.0,497.0,164.0,618.6,1069.0
1691586000,58720,20.8,51,99,18,98,80,444.0,223.0,221.0,302.9,979.6
1691593200,10180,19.8,53,100,29,97,79,204.0,50.0,154.0,94.4,704.5
1691600400,5360,15.9,61,100,91,83,79,25.0,0.0,25.0,0.0,317.3
1691643600,10260,12.5,1,45,9,13,97,95.0,24.0,71.0,126.4,252.7
1691650800,41340,15.6,2,51,17,10,99,330.0,150.0,180.0,308.2,647.8
1691658000,73290,18.4,2,52,19,13,90,617.0,446.0,171.0,627.9,945.3
1691665200,56620,19.8,51,71,14,79,37,619.0,423.0,196.0,528.5,1065.4
1691672400,42460,20.5,2,80,40,67,11,480.0,304.0,176.0,414.8,975.5
1691679600,30440,20.7,1,30,12,27,11,338.0,189.0,149.0,359.5,699.8
1691686800,6770,19.7,1,44,5,63,7,127.0,64.0,63.0,273.2,311.8
1691730000,14500,13.6,0,1,0,1,0,107.0,59.0,48.0,316.7,248.1
1691737200,53900,18.5,0,2,0,3,0,419.0,323.0,96.0,667.9,643.8
1691744400,76960,21.2,1,30,0,28,44,640.0,507.0,133.0,716.8,941.7
1691751600,81680,21.8,1,33,0,55,0,542.0,298.0,244.0,373.7,1061.6
1691758800,51290,22.1,2,50,0,84,0,561.0,424.0,137.0,581.2,971.3
1691766000,29340,21.8,1,36,0,60,0,340.0,218.0,122.0,417.7,694.9
1691773200,4770,20.3,1,33,0,55,0,113.0,52.0,61.0,226.2,306.1
1691816400,16380,13.4,0,6,3,3,6,115.0,66.0,49.0,361.2,243.4
1691823600,53980,19.3,1,23,1,1,71,416.0,321.0,95.0,668.3,639.8
1691830800,74480,21.8,1,27,0,0,91,639.0,480.0,159.0,681.6,937.9
1691838000,77670,23.1,0,16,0,0,53,755.0,600.0,155.0,755.5,1057.8
1691845200,62930,24.0,0,0,0,0,0,697.0,585.0,112.0,805.7,967.1
1691852400,29320,24.1,0,1,0,0,4,456.0,358.0,98.0,691.2,689.9
1691859600,3070,22.8,0,13,0,0,42,151.0,89.0,62.0,394.7,300.4
1691902800,7570,17.0,0,0,0,0,0,102.0,51.0,51.0,284.7,238.6
1691910000,40760,21.8,0,11,0,19,0,387.0,282.0,105.0,591.1,635.6
1691917200,75440,24.7,0,8,0,13,0,515.0,369.0,146.0,526.3,934.1
1691924400,76740,26.8,1,38,0,63,1,648.0,446.0,202.0,563.9,1053.9
1691931600,47380,27.7,2,57,29,41,20,589.0,448.0,141.0,620.1,962.7
1691938800,17970,24.9,61,32,12,29,12,343.0,198.0,145.0,385.3,684.8
1691946000,5880,23.7,0,10,2,11,6,72.0,19.0,53.0,86.0,294.5
1691989200,6940,18.2,51,47,9,49,32,43.0,0.0,43.0,0.0,233.8
1691996400,42550,21.9,2,52,4,75,12,266.0,169.0,97.0,356.7,631.5
1692003600,53390,24.6,51,42,3,65,0,361.0,212.0,149.0,303.7,930.2
1692010800,48000,26.5,2,53,10,73,0,416.0,270.0,146.0,342.8,1049.9
1692018000,55050,28.3,1,44,2,45,51,559.0,390.0,169.0,542.5,958.2
1692025200,25120,28.8,1,27,0,2,85,385.0,245.0,140.0,480.6,679.5
1692032400,3100,27.4,0,3,0,3,5,120.0,52.0,68.0,240.3,288.4
1692075600,13290,21.7,0,7,0,12,0,96.0,49.0,47.0,285.3,229.0
1692082800,49960,25.4,0,8,0,14,0,362.0,246.0,116.0,522.9,627.2
1692090000,73120,28.9,0,2,0,3,0,634.0,518.0,116.0,745.6,926.3
1692097200,76900,31.1,0,0,0,0,0,739.0,616.0,123.0,785.4,1045.8
1692104400,61230,32.3,0,3,0,0,10,663.0,547.0,116.0,764.9,953.6
1692111600,28030,32.0,0,3,0,0,11,432.0,336.0,96.0,664.6,674.2
1692118800,2510,29.4,0,0,0,0,0,141.0,87.0,54.0,411.0,282.3
1692162000,10380,21.0,0,16,0,1,52,100.0,52.0,48.0,309.5,224.1
1692169200,44650,24.7,0,16,0,1,52,381.0,273.0,108.0,584.5,622.9
1692176400,66850,28.1,0,14,0,0,46,620.0,474.0,146.0,685.5,922.3
1692183600,69370,30.8,1,27,0,11,67,727.0,585.0,142.0,749.1,1041.6
1692190800,47250,32.0,1,31,0,11,82,615.0,452.0,163.0,635.4,948.9
1692198000,27540,31.7,1,34,0,7,98,407.0,286.0,121.0,570.5,668.7
1692205200,3560,29.3,1,25,0,1,81,102.0,38.0,64.0,183.6,276.0
1692212400,160,26.3,1,28,0,3,86,0.0,0.0,0.0,0.0,0.0
1692248400,4590,22.1,2,62,0,54,98,73.0,22.0,51.0,133.9,219.2
1692255600,28290,24.8,2,73,0,72,100,210.0,38.0,172.0,82.0,618.6
1692262800,47340,28.1,2,57,0,48,93,445.0,192.0,253.0,279.0,918.2
1692270000,41470,30.1,1,41,0,28,80,582.0,314.0,268.0,403.9,1037.4
1692277200,32220,29.8,51,58,0,51,91,440.0,214.0,226.0,302.5,944.1
1692284400,25320,29.5,1,30,0,1,97,288.0,160.0,128.0,321.9,663.2
1692291600,4030,27.6,1,34,0,7,99,101.0,44.0,57.0,217.7,269.7
1692298800,160,26.5,1,45,0,28,93,0.0,0.0,0.0,0.0,0.0
1692334800,4340,21.6,1,34,0,15,83,72.0,11.0,61.0,68.5,214.2
1692342000,47000,24.4,1,27,0,7,76,343.0,223.0,120.0,484.6,614.2
1692349200,62090,28.0,1,23,0,3,70,593.0,451.0,142.0,658.6,914.0
1692356400,69190,29.7,1,34,10,26,31,565.0,346.0,219.0,447.1,1033.1
1692363600,56530,30.3,1,33,15,16,32,497.0,282.0,215.0,400.8,939.2
1692370800,20330,30.3,1,46,12,32,54,380.0,261.0,119.0,529.9,657.5
1692378000,3660,27.8,51,44,0,30,87,98.0,50.0,48.0,253.6,263.2
1692385200,160,24.6,1,28,0,14,65,0.0,0.0,0.0,0.0,0.0
1692421200,6950,19.9,55,60,3,47,98,69.0,24.0,45.0,153.2,209.2
1692428400,45290,22.3,1,41,6,14,90,244.0,83.0,161.0,181.7,609.8
1692435600,67300,25.7,1,34,2,30,49,549.0,347.0,202.0,509.3,909.8
1692442800,63490,28.1,51,12,4,4,21,678.0,523.0,155.0,678.9,1028.7
1692450000,36920,28.5,51,34,26,3,30,590.0,427.0,163.0,610.3,934.3
1692457200,2740,27.4,53,40,10,15,72,356.0,226.0,130.0,463.1,651.8
1692464400,6500,25.6,51,37,4,9,93,102.0,46.0,56.0,239.3,256.7
1692507600,10630,20.4,0,3,0,5,0,79.0,38.0,41.0,248.7,204.1
1692514800,44610,24.0,0,2,0,4,0,343.0,246.0,97.0,542.8,605.3
1692522000,68100,27.1,0,13,2,18,0,588.0,465.0,123.0,685.9,905.6
1692529200,69200,28.8,0,17,5,20,2,641.0,490.0,151.0,639.1,1024.2
1692536400,51120,29.4,0,15,1,22,4,574.0,431.0,143.0,619.6,929.2
1692543600,26080,28.8,1,26,3,28,23,326.0,232.0,94.0,479.8,646.0
1692550800,3360,27.3,0,11,0,16,6,98.0,53.0,45.0,283.1,250.1
1692594000,11920,20.1,1,24,2,37,0,61.0,25.0,36.0,166.8,199.0
1692601200,34430,23.2,1,23,9,19,12,304.0,192.0,112.0,427.0,600.8
1692608400,32610,25.4,0,19,10,16,1,580.0,428.0,152.0,634.6,901.3
1692615600,74900,26.9,0,16,2,24,0,656.0,532.0,124.0,697.3,1019.7
1692622800,58930,27.2,0,4,0,6,0,581.0,454.0,127.0,656.6,924.1
1692630000,26430,26.4,0,7,0,11,0,342.0,243.0,99.0,507.4,640.0
1692637200,4240,24.5,0,9,0,15,0,110.0,61.0,49.0,335.0,243.4
1692680400,9800,17.6,0,4,4,0,0,80.0,37.0,43.0,250.1,193.9
1692687600,50800,19.9,0,10,7,1,12,371.0,272.0,99.0,609.8,596.3
1692694800,60420,22.1,0,4,4,1,0,603.0,478.0,125.0,712.5,896.9
1692702000,78940,23.9,1,21,0,7,56,733.0,612.0,121.0,806.1,1015.1
1692709200,48240,25.0,0,3,0,4,1,653.0,538.0,115.0,782.8,918.9
1692716400,27710,24.9,1,47,0,60,38,400.0,303.0,97.0,638.9,634.1
1692723600,3220,23.3,2,50,0,66,36,84.0,33.0,51.0,186.5,236.6
1692766800,12780,15.2,0,19,21,0,0,82.0,44.0,38.0,301.2,188.8
1692774000,52250,19.1,0,8,9,0,0,351.0,248.0,103.0,560.6,591.7
1692781200,75040,22.1,0,8,6,4,0,616.0,498.0,118.0,746.3,892.5
1692788400,77620,24.2,0,4,4,0,0,726.0,601.0,125.0,795.6,1010.4
1692795600,55710,25.2,0,2,0,3,0,609.0,480.0,129.0,702.7,913.7
1692802800,17360,25.1,0,5,0,7,2,363.0,246.0,117.0,524.0,628.0
1692810000,2540,23.4,0,14,0,5,38,96.0,49.0,47.0,285.2,229.8
1692853200,10500,15.5,1,24,7,29,0,65.0,32.0,33.0,221.9,183.6
1692860400,47480,20.5,1,24,6,31,0,250.0,155.0,95.0,353.3,587.1
1692867600,72810,23.3,1,24,2,17,41,487.0,350.0,137.0,527.4,888.0
1692874800,75530,24.6,3,81,37,77,4,572.0,433.0,139.0,576.1,1005.7
1692882000,44720,25.2,1,42,15,43,8,500.0,368.0,132.0,542.1,908.4
1692889200,27890,25.3,0,12,3,15,0,365.0,250.0,115.0,538.0,621.9
1692896400,2380,23.8,0,16,3,23,0,96.0,47.0,49.0,282.2,222.9
1692939600,4300,16.9,1,40,6,8,100,63.0,15.0,48.0,105.4,178.5
1692946800,24240,21.0,51,61,3,50,95,257.0,133.0,124.0,305.7,582.4
1692954000,19420,22.3,51,70,1,100,30,228.0,47.0,181.0,71.2,883.5
1692961200,15660,22.2,51,69,0,95,41,206.0,17.0,189.0,22.7,1000.9
1692968400,10570,23.6,2,78,0,100,60,416.0,265.0,151.0,392.9,903.0
1692975600,12340,24.8,2,72,24,75,19,344.0,234.0,110.0,508.8,615.7
1692982800,2860,23.5,2,56,16,20,100,92.0,45.0,47.0,279.0,216.0
1693026000,8890,19.7,1,26,2,25,29,69.0,33.0,36.0,235.1,173.3
1693033200,48170,23.6,0,6,0,0,21,348.0,258.0,90.0,598.0,577.7
1693040400,71490,27.5,0,14,0,2,41,592.0,471.0,121.0,717.6,879.0
1693047600,67780,29.2,2,56,0,85,17,645.0,482.0,163.0,648.0,996.1
1693054800,30660,29.6,1,34,0,9,95,553.0,401.0,152.0,598.4,897.5
1693062000,15900,27.3,1,44,0,25,96,245.0,131.0,114.0,287.9,609.4
1693069200,3370,26.0,1,36,0,13,95,72.0,20.0,52.0,128.2,208.9
1693112400,1570,19.4,53,80,0,83,100,14.0,0.0,14.0,0.0,168.0
1693119600,22200,20.5,51,83,0,98,81,117.0,20.0,97.0,46.8,573.0
1693126800,63360,23.1,3,86,9,85,90,339.0,175.0,164.0,268.2,874.4
1693134000,55480,23.6,51,70,22,42,83,263.0,77.0,186.0,104.1,991.2
1693141200,43230,24.1,2,79,41,28,85,191.0,59.0,132.0,88.6,891.9
1693148400,20930,24.6,2,72,22,49,77,161.0,69.0,92.0,153.3,603.1
1693155600,3450,23.6,2,59,19,25,91,46.0,15.0,31.0,99.3,201.8
1693198800,5920,18.5,3,97,56,28,99,38.0,0.0,38.0,0.0,162.7
1693206000,10190,18.3,3,96,63,17,98,151.0,30.0,121.0,70.8,568.2
1693213200,66720,21.2,2,58,10,72,19,491.0,291.0,200.0,448.5,869.7
1693220400,18050,22.9,3,95,22,90,70,578.0,349.0,229.0,474.4,986.2
1693227600,13890,24.0,2,73,0,85,72,521.0,351.0,170.0,530.9,886.3
1693234800,8150,24.0,0,19,11,13,3,237.0,95.0,142.0,213.5,596.5
1693242000,2520,23.1,3,100,92,82,41,59.0,25.0,34.0,168.5,194.5
1693285200,3800,18.2,3,100,100,13,100,49.0,16.0,33.0,118.9,157.4
1693292400,11210,20.3,3,80,55,2,98,152.0,28.0,124.0,66.7,563.3
1693299600,45620,24.6,3,84,92,0,4,469.0,287.0,182.0,445.0,864.9
1693306800,70150,27.3,1,41,38,12,0,405.0,140.0,265.0,191.4,981.0
1693314000,54290,27.8,51,100,97,30,22,374.0,172.0,202.0,262.0,880.4
1693321200,21560,26.7,1,23,2,22,25,201.0,85.0,116.0,193.3,589.9
1693328400,1410,24.9,0,11,0,11,14,47.0,7.0,40.0,48.1,187.1
1693375200,1980,18.8,51,100,100,93,96,84.0,3.0,81.0,11.1,361.9
1693382400,3060,18.9,61,100,97,80,99,63.0,0.0,63.0,0.0,728.4
1693389600,1860,18.9,53,100,89,70,100,157.0,13.0,144.0,18.5,944.4
1693396800,10430,20.1,51,100,100,85,96,284.0,120.0,164.0,169.1,952.0
1693404000,9030,18.3,53,100,47,91,71,99.0,2.0,97.0,3.6,748.7
1693411200,2530,18.5,2,64,38,0,98,143.0,36.0,107.0,124.2,389.0
1693418400,240,17.7,2,61,30,8,96,3.0,0.0,3.0,0.0,26.7
1693458000,830,15.9,51,100,94,88,99,13.0,0.0,13.0,0.0,146.6
1693465200,7730,15.6,51,100,78,75,49,79.0,11.0,68.0,26.7,553.5
1693472400,70700,17.1,3,82,48,56,16,292.0,109.0,183.0,171.1,855.1
1693479600,55720,19.0,2,58,47,24,4,405.0,241.0,164.0,333.3,970.5
1693486800,56680,19.9,3,83,23,82,44,424.0,283.0,141.0,437.4,868.5
1693494000,21950,19.1,51,63,33,53,6,239.0,150.0,89.0,349.4,576.3
1693501200,1090,17.3,1,32,6,45,0,60.0,23.0,37.0,164.3,172.0
1693544400,5780,12.8,0,8,0,14,0,56.0,26.0,30.0,202.3,141.2
1693551600,46710,15.7,51,29,0,49,0,316.0,219.0,97.0,536.2,548.5
1693558800,67880,17.8,0,15,14,4,1,560.0,426.0,134.0,672.9,850.1
1693566000,54650,19.1,1,33,16,29,3,596.0,478.0,118.0,665.2,965.1
1693573200,25530,19.7,1,22,8,24,0,469.0,345.0,124.0,537.3,862.4
1693580400,17010,19.5,1,28,15,24,0,298.0,178.0,120.0,419.9,569.3
1693587600,2580,18.1,1,23,10,24,0,61.0,30.0,31.0,218.8,164.3
1693630800,6120,13.1,2,67,60,21,0,49.0,22.0,27.0,173.9,135.7
1693638000,45370,17.3,0,16,16,3,0,283.0,159.0,124.0,393.1,543.4
1693645200,72230,19.9,0,4,4,0,0,582.0,456.0,126.0,725.0,845.1
1693652400,60310,21.2,2,54,32,42,0,661.0,516.0,145.0,722.5,959.6
1693659600,51860,21.7,2,63,20,75,0,515.0,340.0,175.0,533.6,856.2
1693666800,25190,21.4,1,27,5,37,1,327.0,216.0,111.0,516.2,562.2
1693674000,1660,19.3,0,14,3,16,4,62.0,27.0,35.0,201.1,156.5
1693717200,8490,12.5,1,30,4,43,2,46.0,21.0,25.0,168.7,130.2
1693724400,48060,16.9,1,37,1,33,53,248.0,157.0,91.0,392.0,538.3
1693731600,34620,19.5,1,39,2,25,74,471.0,312.0,159.0,499.3,839.9
1693738800,74750,20.8,0,15,8,9,9,584.0,450.0,134.0,634.1,954.0
1693746000,48410,21.0,1,36,17,34,1,446.0,327.0,119.0,517.3,849.8
1693753200,20640,20.3,1,35,6,47,5,196.0,92.0,104.0,222.8,555.1
1693760400,2130,18.6,1,44,4,24,88,51.0,22.0,29.0,167.5,148.6
1693803600,4370,12.5,3,80,38,38,77,46.0,21.0,25.0,171.5,124.6
1693810800,25600,15.6,1,28,14,26,0,247.0,120.0,127.0,302.7,533.1
1693818000,55220,18.1,51,58,54,15,0,472.0,306.0,166.0,493.0,834.7
1693825200,63830,19.3,1,39,32,17,0,507.0,311.0,196.0,441.0,948.4
1693832400,64450,19.8,1,27,24,9,0,474.0,312.0,162.0,497.5,843.4
1693839600,21910,19.8,0,2,1,1,0,319.0,226.0,93.0,554.9,547.8
1693846800,1470,18.0,0,0,0,0,0,59.0,30.0,29.0,233.7,140.6
1693890000,8360,11.1,0,6,7,0,0,46.0,22.0,24.0,182.8,119.1
1693897200,48260,17.1,0,4,4,0,3,307.0,216.0,91.0,550.5,527.9
1693904400,71890,20.2,0,15,7,0,30,528.0,414.0,114.0,671.6,829.5
1693911600,75180,21.7,0,20,7,0,45,649.0,523.0,126.0,746.6,942.7
1693918800,57720,22.4,0,1,1,0,0,562.0,444.0,118.0,713.8,837.0
1693926000,21830,22.1,0,8,1,0,25,322.0,231.0,91.0,575.1,540.5
1693933200,1460,20.1,1,22,3,0,64,51.0,22.0,29.0,175.5,132.6
1693976400,8320,12.4,0,0,0,0,0,44.0,21.0,23.0,177.5,113.5
1693983600,48260,18.2,0,0,0,0,0,308.0,217.0,91.0,558.9,522.7
1693990800,71400,22.0,0,0,0,0,0,562.0,446.0,116.0,728.5,824.1
1693998000,73420,23.7,0,0,0,0,0,656.0,525.0,131.0,754.4,936.9
1694005200,56270,24.4,0,2,2,0,0,575.0,463.0,112.0,750.6,830.4
1694012400,20880,24.2,0,6,5,2,0,294.0,195.0,99.0,492.5,533.1
1694019600,1410,22.0,0,5,3,4,0,45.0,18.0,27.0,147.1,124.5
1694062800,2790,13.9,0,2,1,1,0,35.0,16.0,19.0,137.7,107.8
1694070000,44700,18.6,0,8,3,2,15,305.0,220.0,85.0,572.7,517.4
1694077200,67660,22.0,0,3,2,0,5,547.0,440.0,107.0,723.8,818.8
1694084400,37850,24.1,1,32,35,0,0,642.0,516.0,126.0,746.5,931.0
1694091600,55390,24.5,3,83,39,80,0,471.0,315.0,156.0,515.1,823.8
1694098800,16900,24.0,2,71,44,52,0,255.0,143.0,112.0,366.4,525.7
1694106000,1290,21.6,0,16,12,8,0,39.0,17.0,22.0,142.4,116.4
1694149200,5170,16.0,2,51,57,0,0,27.0,8.0,19.0,70.1,102.2
1694156400,43340,18.6,2,60,56,0,33,190.0,76.0,114.0,200.0,512.0
1694163600,65010,21.4,2,66,56,0,53,368.0,188.0,180.0,311.5,813.3
1694170800,48800,23.5,2,55,47,0,42,470.0,293.0,177.0,426.8,925.1
1694178000,48240,24.1,1,37,18,0,69,381.0,155.0,226.0,255.7,817.1
1694185200,19450,23.9,0,15,2,0,44,275.0,169.0,106.0,439.6,518.2
1694192400,2010,21.5,0,2,0,0,6,43.0,21.0,22.0,180.5,108.2
1694235600,3520,14.1,1,30,0,2,96,35.0,14.0,21.0,125.0,96.5
1694242800,35810,19.0,1,31,0,2,100,266.0,142.0,124.0,377.9,506.7
1694250000,44150,22.4,1,30,0,0,100,449.0,231.0,218.0,385.5,807.8
1694257200,66350,24.0,1,30,0,0,100,512.0,235.0,277.0,344.8,919.1
1694264400,50250,24.4,1,29,0,0,96,421.0,168.0,253.0,279.5,810.3
1694271600,18140,23.8,1,26,0,0,87,253.0,107.0,146.0,282.6,510.6
1694278800,1700,21.3,1,28,0,0,94,36.0,10.0,26.0,88.2,100.0
1694322000,3760,14.6,0,2,0,0,7,33.0,14.0,19.0,127.4,90.8
1694329200,39470,18.7,0,10,0,0,32,295.0,214.0,81.0,575.9,501.2
1694336400,65560,22.7,0,3,0,0,10,537.0,427.0,110.0,718.0,802.3
1694343600,69140,25.2,0,0,0,0,0,634.0,519.0,115.0,766.8,913.0
1694350800,52090,26.1,0,0,0,0,0,544.0,437.0,107.0,733.7,803.5
1694358000,18930,25.7,0,0,0,0,0,288.0,206.0,82.0,552.5,503.0
1694365200,1330,22.9,0,0,0,0,0,34.0,14.0,20.0,127.0,91.8
1694408400,5530,15.6,0,4,5,0,0,31.0,14.0,17.0,129.9,86.5
1694415600,41970,19.6,0,4,4,0,0,279.0,186.0,93.0,506.3,495.8
1694422800,68050,23.5,0,2,2,0,0,532.0,413.0,119.0,699.7,796.7
1694430000,70700,26.3,0,5,6,0,0,634.0,518.0,116.0,770.9,906.9
1694437200,51400,26.9,0,13,14,0,0,432.0,289.0,143.0,489.6,796.7
1694444400,17730,26.7,0,6,3,6,0,282.0,189.0,93.0,515.0,495.4
1694451600,1180,25.1,0,16,12,8,0,31.0,13.0,18.0,121.2,85.8
1694494800,1750,16.3,2,57,40,5,61,23.0,8.0,15.0,75.7,83.7
1694502000,38430,20.4,2,58,23,18,88,217.0,125.0,92.0,344.3,490.3
1694509200,60610,24.5,2,60,15,35,85,473.0,345.0,128.0,588.9,791.1
1694516400,72280,26.6,1,33,1,33,40,483.0,294.0,189.0,440.8,900.8
1694523600,43420,26.9,1,40,0,59,14,406.0,234.0,172.0,400.1,789.8
1694530800,19050,26.6,1,38,0,63,0,280.0,194.0,86.0,537.2,487.7
1694538000,1000,23.8,1,36,1,58,0,26.0,10.0,16.0,96.0,81.8
1694581200,4380,16.2,0,18,0,0,60,24.0,6.0,18.0,58.0,80.9
1694588400,35290,21.3,0,1,0,0,3,289.0,211.0,78.0,588.0,484.8
1694595600,63900,25.5,0,8,3,7,4,527.0,412.0,115.0,708.8,785.4
1694602800,67100,27.2,1,29,5,35,12,518.0,376.0,142.0,567.9,894.6
1694610000,51150,27.9,1,30,1,39,20,480.0,311.0,169.0,536.8,782.9
1694617200,15360,27.2,1,29,0,27,44,228.0,133.0,95.0,374.4,480.1
1694624400,1390,24.5,1,35,0,24,70,19.0,2.0,17.0,19.8,77.7
1694671200,1150,16.9,51,100,95,26,92,39.0,0.0,39.0,0.0,280.8
1694678400,9820,18.2,2,64,67,2,8,222.0,70.0,152.0,145.7,649.4
1694685600,21050,20.6,1,32,13,33,1,431.0,234.0,197.0,367.3,861.2
1694692800,18120,22.1,2,72,33,70,0,505.0,367.0,138.0,577.4,859.3
1694700000,8710,22.2,2,64,34,55,0,340.0,232.0,108.0,487.1,644.0
1694707200,4040,20.9,3,88,49,74,0,98.0,51.0,47.0,252.7,272.8
1694757600,26900,13.5,2,50,56,0,0,119.0,61.0,58.0,299.8,275.2
1694764800,63060,15.7,2,60,67,0,0,287.0,144.0,143.0,302.5,643.8
1694772000,67640,16.9,1,31,34,0,0,452.0,246.0,206.0,389.1,855.2
1694779200,67200,18.5,0,0,0,0,0,580.0,429.0,151.0,680.5,852.7
1694786400,39070,18.9,0,0,0,0,0,421.0,326.0,95.0,692.7,636.6
1694793600,3850,17.9,0,0,0,0,0,136.0,83.0,53.0,424.0,264.8
1694844000,26320,12.7,0,0,0,0,0,134.0,80.0,54.0,401.7,269.5
1694851200,63750,16.3,0,5,6,0,0,409.0,309.0,100.0,655.3,638.1
1694858400,77070,18.8,0,1,1,0,0,578.0,440.0,138.0,701.2,849.2
1694865600,67300,20.4,0,0,0,0,0,593.0,481.0,112.0,769.5,846.0
1694872800,38010,20.8,0,0,0,0,0,411.0,317.0,94.0,681.9,629.2
1694880000,3560,19.3,0,0,0,0,0,129.0,77.0,52.0,406.0,256.7
1694930400,22840,14.2,0,0,0,0,0,125.0,72.0,53.0,369.6,263.8
1694937600,58820,18.4,0,0,0,0,0,396.0,300.0,96.0,642.4,632.3
1694944800,71040,21.9,0,1,0,1,0,564.0,453.0,111.0,727.6,843.0
1694952000,58500,24.1,0,0,0,0,0,566.0,454.0,112.0,732.6,839.2
1694959200,34610,24.4,0,4,2,4,0,323.0,221.0,102.0,481.4,621.6
1694966400,3760,23.3,1,22,6,28,0,102.0,57.0,45.0,310.6,248.5
1695016800,4800,16.5,0,9,1,14,0,97.0,51.0,46.0,267.8,258.0
1695024000,49010,21.1,0,3,0,5,0,371.0,267.0,104.0,577.3,626.5
1695031200,70690,24.1,1,25,2,39,0,492.0,366.0,126.0,592.6,836.8
1695038400,58060,25.1,51,40,5,60,0,416.0,299.0,117.0,486.7,832.3
1695045600,30660,25.0,1,32,10,39,0,259.0,160.0,99.0,353.1,614.0
1695052800,3890,23.7,1,33,7,30,29,89.0,43.0,46.0,242.5,240.3
1695103200,7340,18.5,3,100,46,53,97,75.0,17.0,58.0,91.4,252.2
1695110400,8090,20.8,1,40,1,31,69,287.0,159.0,128.0,347.2,620.7
1695117600,16010,21.5,53,100,68,89,100,288.0,116.0,172.0,189.3,830.5
1695124800,2190,19.8,53,100,73,94,100,150.0,8.0,142.0,13.1,825.3
1695132000,5770,19.0,51,100,32,88,100,80.0,2.0,78.0,4.5,606.3
1695139200,2290,18.8,1,44,9,10,100,40.0,1.0,39.0,5.8,232.0
1695189600,23250,13.7,0,2,0,0,8,115.0,63.0,52.0,346.8,246.4
1695196800,60220,18.4,0,0,0,0,0,392.0,297.0,95.0,655.2,614.7
1695204000,69410,21.1,0,7,0,0,24,565.0,455.0,110.0,748.8,824.1
1695211200,63520,22.1,2,56,32,0,92,516.0,355.0,161.0,588.4,818.3
1695218400,29960,22.0,1,29,1,0,94,343.0,230.0,113.0,521.2,598.5
1695225600,7070,20.4,1,30,0,0,99,85.0,22.0,63.0,133.5,223.6
1695276000,17860,15.1,0,16,1,0,52,112.0,63.0,49.0,355.4,240.5
1695283200,57440,19.5,0,1,0,0,3,378.0,284.0,94.0,633.0,608.8
1695290400,71140,22.9,0,0,0,0,0,553.0,446.0,107.0,740.1,817.7
1695297600,61760,24.6,0,0,0,0,0,546.0,439.0,107.0,734.5,811.2
1695304800,33360,24.7,0,0,0,0,0,365.0,275.0,90.0,631.9,590.7
1695312000,2600,22.7,0,9,3,10,2,99.0,56.0,43.0,353.3,215.2
1695362400,19550,18.1,0,17,0,27,4,107.0,61.0,46.0,353.0,234.6
1695369600,55160,21.0,0,14,0,21,3,349.0,232.0,117.0,522.6,602.7
1695376800,69770,23.6,0,13,0,0,42,509.0,384.0,125.0,642.7,811.2
1695384000,43770,24.9,1,32,21,0,43,508.0,381.0,127.0,643.5,804.0
1695391200,23710,24.4,3,100,88,60,5,218.0,98.0,120.0,228.4,582.8
1695398400,2810,23.1,3,100,56,38,100,57.0,19.0,38.0,124.8,206.7
1695448800,4600,18.6,3,84,19,100,22,50.0,16.0,34.0,95.1,228.7
1695456000,13520,18.3,3,100,80,90,93,174.0,77.0,97.0,175.3,596.7
1695463200,7630,18.2,51,100,42,93,76,117.0,9.0,108.0,15.2,804.7
1695470400,6640,17.7,53,100,33,100,100,130.0,4.0,126.0,6.8,796.7
1695477600,3160,17.0,55,100,16,100,95,65.0,1.0,64.0,2.4,574.8
1695484800,1530,16.3,51,100,28,99,95,15.0,0.0,15.0,0.0,198.2
1695535200,3680,12.9,51,77,2,89,74,39.0,0.0,39.0,0.0,222.7
1695542400,40340,14.7,2,73,1,90,59,189.0,64.0,125.0,147.3,590.5
1695549600,58260,17.3,3,100,35,93,97,435.0,212.0,223.0,361.1,798.1
1695556800,50650,18.9,3,100,92,56,96,395.0,144.0,251.0,248.0,789.4
1695564000,27490,19.0,3,100,93,26,45,172.0,23.0,149.0,55.2,566.8
1695571200,2610,17.8,2,78,57,7,74,66.0,23.0,43.0,158.4,189.7
1695621600,16570,13.2,0,18,2,27,0,93.0,50.0,43.0,313.8,216.7
1695628800,57590,16.2,1,20,0,34,0,287.0,166.0,121.0,386.3,584.4
1695636000,70400,18.8,1,26,3,39,0,440.0,279.0,161.0,479.5,791.4
1695643200,62120,20.4,1,20,9,20,0,480.0,337.0,143.0,586.1,782.1
1695650400,25600,20.8,1,38,29,19,0,259.0,141.0,118.0,343.2,558.8
1695657600,3030,19.4,1,50,52,5,0,64.0,22.0,42.0,154.9,181.1
1695708000,12570,16.6,1,28,29,3,0,50.0,8.0,42.0,51.7,210.7
1695715200,51410,19.1,1,44,49,0,0,309.0,203.0,106.0,477.8,578.2
1695722400,66370,22.0,2,61,66,2,0,448.0,255.0,193.0,442.2,784.7
1695729600,56590,23.6,0,1,1,0,0,441.0,278.0,163.0,488.4,774.7
1695736800,29760,24.0,0,0,0,0,0,336.0,249.0,87.0,615.3,550.7
1695744000,2910,22.2,0,0,0,0,0,74.0,39.0,35.0,281.0,172.6
1695794400,13340,15.8,0,0,0,0,0,93.0,52.0,41.0,345.9,204.6
1695801600,53060,19.8,0,0,0,0,0,354.0,267.0,87.0,635.6,571.9
1695808800,67120,22.7,0,0,0,0,0,523.0,419.0,104.0,733.4,777.9
1695816000,57950,24.6,0,0,0,0,0,516.0,413.0,103.0,732.9,767.3
1695823200,30420,24.9,0,0,0,0,0,335.0,250.0,85.0,627.4,542.6
1695830400,2190,22.6,0,0,0,0,0,72.0,38.0,34.0,280.2,164.0
1695880800,15030,14.6,0,0,0,0,0,93.0,53.0,40.0,358.1,198.5
1695888000,56730,19.2,0,0,0,0,0,360.0,273.0,87.0,657.5,565.6
1695895200,69830,22.2,0,0,0,0,0,531.0,427.0,104.0,754.4,771.2
1695902400,59470,24.0,0,0,0,0,0,521.0,419.0,102.0,751.3,759.9
1695909600,30450,24.2,0,0,0,0,0,335.0,251.0,84.0,639.8,534.6
1695916800,2120,21.8,0,0,0,0,0,68.0,36.0,32.0,271.9,155.5
1695967200,14990,14.2,0,0,0,0,0,88.0,48.0,40.0,329.5,192.5
1695974400,55770,18.8,0,0,0,0,0,353.0,266.0,87.0,648.3,559.3
1695981600,68260,22.6,0,10,11,1,0,521.0,417.0,104.0,743.7,764.3
1695988800,58320,24.5,0,2,2,1,0,512.0,409.0,103.0,741.1,752.4
1695996000,28020,24.4,0,0,0,0,0,329.0,246.0,83.0,637.0,526.5
1696003200,1910,21.7,0,20,0,0,66,64.0,33.0,31.0,255.4,147.0
1696053600,1460,15.7,51,86,0,93,100,20.0,1.0,19.0,7.0,186.3
1696060800,8130,15.9,51,93,7,94,100,54.0,0.0,54.0,0.0,553.0
1696068000,8320,17.9,51,82,33,38,97,208.0,26.0,182.0,46.8,757.5
1696075200,3810,17.6,51,100,98,64,18,133.0,27.0,106.0,49.4,744.9
1696082400,11990,16.9,2,56,39,33,3,166.0,64.0,102.0,168.4,518.4
1696089600,1930,16.3,2,59,34,2,90,50.0,13.0,37.0,103.2,138.6
1696140000,1510,11.7,3,90,1,99,100,46.0,1.0,45.0,7.1,180.2
1696147200,10610,14.0,2,77,25,90,3,232.0,70.0,162.0,174.8,546.6
1696154400,29190,16.2,3,88,55,63,1,315.0,161.0,154.0,292.7,750.6
1696161600,57700,17.4,1,43,25,33,2,366.0,261.0,105.0,483.0,737.4
1696168800,17350,17.6,2,72,65,23,0,253.0,146.0,107.0,390.4,510.4
1696176000,2090,16.2,2,68,57,17,22,45.0,15.0,30.0,122.1,130.2
1696226400,6530,11.1,0,4,2,1,4,64.0,30.0,34.0,216.5,174.1
1696233600,15190,15.0,1,49,11,24,82,303.0,203.0,100.0,513.1,540.2
1696240800,27730,18.0,2,69,6,76,61,438.0,298.0,140.0,547.1,743.8
1696248000,58180,19.7,2,56,0,46,95,343.0,161.0,182.0,301.2,730.0
1696255200,28870,19.8,1,21,3,11,40,170.0,48.0,122.0,130.5,502.4
1696262400,1700,18.2,1,44,31,10,33,41.0,18.0,23.0,150.3,121.8
1696312800,8540,14.8,0,5,0,0,17,69.0,33.0,36.0,242.2,167.9
1696320000,50240,17.9,0,2,0,0,5,321.0,238.0,83.0,609.1,533.8
1696327200,66210,21.4,0,8,0,0,26,487.0,385.0,102.0,713.9,736.9
1696334400,55680,23.6,1,26,0,0,85,478.0,376.0,102.0,711.1,722.5
1696341600,15770,23.5,1,30,0,0,99,251.0,117.0,134.0,323.4,494.4
1696348800,2660,21.9,1,30,0,0,100,34.0,4.0,30.0,34.3,113.5
1696399200,2350,12.8,0,17,19,0,0,46.0,11.0,35.0,82.2,161.8
1696406400,13830,14.1,2,78,87,0,0,285.0,183.0,102.0,474.3,527.4
1696413600,14900,15.3,51,100,99,32,99,277.0,133.0,144.0,249.1,730.0
1696420800,6720,15.8,51,100,77,38,99,289.0,112.0,177.0,214.1,715.0
1696428000,8020,15.8,51,60,14,44,71,149.0,43.0,106.0,120.9,486.4
1696435200,1530,15.2,1,41,20,38,0,39.0,19.0,20.0,167.3,105.3
1696485600,7670,11.4,1,43,6,13,99,64.0,33.0,31.0,251.0,155.6
1696492800,37860,13.7,2,54,13,21,100,229.0,68.0,161.0,178.5,521.0
1696500000,34480,15.9,3,100,38,96,99,332.0,98.0,234.0,185.4,723.1
1696507200,18260,16.3,3,100,57,100,97,240.0,27.0,213.0,52.2,707.6
1696514400,6390,15.5,51,100,72,97,4,86.0,5.0,81.0,14.3,478.5
1696521600,300,12.6,61,84,34,89,0,12.0,2.0,10.0,18.1,97.1
1696572000,3470,9.1,3,91,76,35,6,56.0,25.0,31.0,193.6,149.4
1696579200,25810,12.2,3,100,99,9,27,225.0,130.0,95.0,345.8,514.5
1696586400,31620,14.1,51,100,100,36,19,225.0,46.0,179.0,87.9,716.1
1696593600,21840,15.1,3,100,91,1,86,275.0,114.0,161.0,222.9,700.1
1696600800,25620,15.8,3,94,72,35,29,194.0,83.0,111.0,241.4,470.6
1696608000,1310,14.8,3,100,65,78,100,23.0,4.0,19.0,37.2,88.9
1696662000,4960,14.9,3,100,100,40,93,37.0,1.0,36.0,4.0,340.7
1696669200,15690,16.4,51,100,77,49,89,102.0,11.0,91.0,23.8,633.6
1696676400,11090,17.4,3,100,87,100,93,204.0,60.0,144.0,112.7,729.2
1696683600,11470,16.8,3,100,43,100,95,188.0,47.0,141.0,107.0,601.7
1696690800,3170,15.4,3,100,17,100,93,35.0,0.0,35.0,0.0,284.9
1696744800,8930,8.0,1,40,20,36,0,59.0,30.0,29.0,241.3,136.9
1696752000,52710,8.6,1,33,27,15,0,300.0,206.0,94.0,563.0,501.4
1696759200,71140,10.3,1,35,10,44,0,427.0,288.0,139.0,562.1,702.1
1696766400,45580,11.2,1,41,14,48,0,382.0,255.0,127.0,510.1,685.0
1696773600,31650,11.2,1,26,11,26,0,242.0,143.0,99.0,431.1,454.6
1696780800,1190,9.7,1,28,17,22,0,29.0,14.0,15.0,138.2,79.9
1696831200,1340,4.3,1,48,0,37,85,36.0,1.0,35.0,8.2,130.6
1696838400,20480,7.0,3,81,0,96,79,276.0,161.0,115.0,446.1,494.8
1696845600,41060,8.9,1,42,4,64,0,299.0,91.0,208.0,179.5,695.0
1696852800,20400,9.5,3,100,89,95,27,242.0,81.0,161.0,164.0,677.4
1696860000,12950,9.7,2,62,69,0,0,249.0,170.0,79.0,522.0,446.6
1696867200,790,8.5,2,69,52,1,71,26.0,10.0,16.0,101.7,75.7
1696917600,2750,4.6,1,40,30,22,0,46.0,23.0,23.0,192.4,124.3
1696924800,17790,7.8,2,57,49,21,0,253.0,158.0,95.0,444.0,488.1
1696932000,57030,10.1,1,35,37,1,4,418.0,286.0,132.0,570.4,687.8
1696939200,19760,11.0,2,74,82,1,0,333.0,199.0,134.0,407.6,669.7
1696946400,23980,11.0,1,38,41,2,0,195.0,115.0,80.0,359.8,438.5
1696953600,920,9.2,0,7,7,1,0,21.0,8.0,13.0,84.0,71.5
1697004000,2900,10.9,2,79,53,5,94,25.0,2.0,23.0,17.1,117.9
1697011200,35640,13.8,2,63,2,53,99,224.0,86.0,138.0,245.2,481.4
1697018400,49150,18.0,1,32,0,4,98,381.0,207.0,174.0,417.4,680.6
1697025600,22510,19.9,1,36,1,8,100,288.0,64.0,224.0,132.7,662.1
1697032800,14940,19.9,1,29,0,0,98,147.0,9.0,138.0,28.7,430.5
1697040000,730,18.4,1,29,0,0,95,17.0,2.0,15.0,21.7,67.4
1697090400,2820,17.1,2,75,5,71,94,30.0,11.0,19.0,95.9,111.6
1697097600,8210,18.0,51,98,17,93,90,154.0,58.0,96.0,167.8,474.7
1697104800,19840,18.0,51,100,34,97,99,154.0,29.0,125.0,59.1,673.4
1697112000,10820,15.9,53,91,2,99,100,57.0,0.0,57.0,0.0,654.4
1697119200,6050,15.4,51,100,25,99,100,80.0,1.0,79.0,3.3,422.5
1697126400,360,14.5,2,59,16,24,100,6.0,0.0,6.0,0.0,63.2
1697176800,6120,7.4,2,56,61,2,1,32.0,14.0,18.0,124.7,105.2
1697184000,15840,11.7,2,53,11,22,100,208.0,97.0,111.0,284.8,468.0
1697191200,13620,14.4,3,80,45,25,83,312.0,168.0,144.0,346.5,666.2
1697198400,26600,17.2,3,100,100,22,63,376.0,250.0,126.0,531.3,646.7
1697205600,18530,18.1,3,100,75,65,93,89.0,14.0,75.0,46.4,414.4
1697212800,320,17.1,3,100,40,92,94,7.0,0.0,7.0,0.0,59.1
1697263200,4150,16.6,0,11,0,19,0,37.0,19.0,18.0,173.0,98.8
1697270400,43260,19.0,0,0,0,0,1,276.0,202.0,74.0,602.2,461.2
1697277600,62880,21.4,1,36,0,28,63,423.0,321.0,102.0,669.8,659.0
1697284800,14840,21.1,2,71,1,68,96,227.0,87.0,140.0,187.2,639.0
1697292000,6460,19.5,51,100,48,90,98,94.0,9.0,85.0,30.5,406.4
1697299200,240,16.3,51,86,0,95,96,6.0,0.0,6.0,0.0,55.0
1697349600,2870,8.2,0,9,10,0,0,37.0,18.0,19.0,167.6,92.4
1697356800,20410,9.2,1,29,27,7,2,271.0,191.0,80.0,578.2,454.4
1697364000,10350,9.9,3,87,83,20,0,307.0,175.0,132.0,369.4,651.7
1697371200,7980,10.6,1,47,42,16,0,359.0,261.0,98.0,568.8,631.3
1697378400,6400,10.4,3,87,96,1,0,181.0,102.0,79.0,352.2,398.5
1697385600,460,9.4,2,74,75,10,0,11.0,3.0,8.0,37.4,50.9
1697439600,3400,7.3,51,57,33,11,68,82.0,26.0,56.0,126.8,282.1
1697446800,6550,8.5,51,76,62,33,0,266.0,150.0,116.0,361.5,571.2
1697454000,10690,9.5,51,78,62,37,0,344.0,189.0,155.0,392.8,662.3
1697461200,21880,9.4,51,96,76,46,0,245.0,120.0,125.0,311.2,530.9
1697468400,3560,8.5,2,62,46,35,0,95.0,52.0,43.0,337.6,212.0
1697522400,2180,2.9,2,79,88,0,0,31.0,15.0,16.0,146.3,82.3
1697529600,23880,5.4,3,89,99,0,0,159.0,47.0,112.0,146.8,440.9
1697536800,66700,8.0,3,86,96,0,0,289.0,123.0,166.0,265.9,637.2
1697544000,48860,9.7,2,71,79,0,0,299.0,156.0,143.0,348.8,616.0
1697551200,21950,9.8,2,70,78,0,0,101.0,7.0,94.0,25.2,382.7
1697558400,490,8.6,2,58,62,0,8,6.0,2.0,4.0,26.9,42.9
